bundesland,datum,anzahlfall
Baden-Württemberg,03feb2020,1
Baden-Württemberg,04feb2020,1
Baden-Württemberg,10feb2020,1
Baden-Württemberg,13feb2020,1
Baden-Württemberg,14feb2020,1
Baden-Württemberg,15feb2020,1
Baden-Württemberg,17feb2020,2
Baden-Württemberg,18feb2020,3
Baden-Württemberg,19feb2020,3
Baden-Württemberg,20feb2020,1
Baden-Württemberg,21feb2020,4
Baden-Württemberg,22feb2020,2
Baden-Württemberg,23feb2020,7
Baden-Württemberg,24feb2020,8
Baden-Württemberg,25feb2020,19
Baden-Württemberg,26feb2020,24
Baden-Württemberg,27feb2020,14
Baden-Württemberg,28feb2020,39
Baden-Württemberg,29feb2020,39
Baden-Württemberg,01mar2020,41
Baden-Württemberg,02mar2020,57
Baden-Württemberg,03mar2020,78
Baden-Württemberg,04mar2020,95
Baden-Württemberg,05mar2020,116
Baden-Württemberg,06mar2020,163
Baden-Württemberg,07mar2020,163
Baden-Württemberg,08mar2020,256
Baden-Württemberg,09mar2020,452
Baden-Württemberg,10mar2020,565
Baden-Württemberg,11mar2020,706
Baden-Württemberg,12mar2020,749
Baden-Württemberg,13mar2020,866
Baden-Württemberg,14mar2020,823
Baden-Württemberg,15mar2020,865
Baden-Württemberg,16mar2020,1115
Baden-Württemberg,17mar2020,993
Baden-Württemberg,18mar2020,1062
Baden-Württemberg,19mar2020,926
Baden-Württemberg,20mar2020,1088
Baden-Württemberg,21mar2020,838
Baden-Württemberg,22mar2020,715
Baden-Württemberg,23mar2020,970
Baden-Württemberg,24mar2020,796
Baden-Württemberg,25mar2020,842
Baden-Württemberg,26mar2020,792
Baden-Württemberg,27mar2020,851
Baden-Württemberg,28mar2020,758
Baden-Württemberg,29mar2020,651
Baden-Württemberg,30mar2020,920
Baden-Württemberg,31mar2020,783
Baden-Württemberg,01apr2020,876
Baden-Württemberg,02apr2020,808
Baden-Württemberg,03apr2020,816
Baden-Württemberg,04apr2020,599
Baden-Württemberg,05apr2020,480
Baden-Württemberg,06apr2020,593
Baden-Württemberg,07apr2020,558
Baden-Württemberg,08apr2020,565
Baden-Württemberg,09apr2020,619
Baden-Württemberg,10apr2020,512
Baden-Württemberg,11apr2020,614
Baden-Württemberg,12apr2020,376
Baden-Württemberg,13apr2020,343
Baden-Württemberg,14apr2020,331
Baden-Württemberg,15apr2020,412
Baden-Württemberg,16apr2020,404
Baden-Württemberg,17apr2020,427
Baden-Württemberg,18apr2020,303
Baden-Württemberg,19apr2020,266
Baden-Württemberg,20apr2020,293
Baden-Württemberg,21apr2020,298
Baden-Württemberg,22apr2020,341
Baden-Württemberg,23apr2020,295
Baden-Württemberg,24apr2020,240
Baden-Württemberg,25apr2020,258
Baden-Württemberg,26apr2020,127
Baden-Württemberg,27apr2020,194
Baden-Württemberg,28apr2020,126
Baden-Württemberg,29apr2020,190
Baden-Württemberg,30apr2020,205
Baden-Württemberg,01may2020,129
Baden-Württemberg,02may2020,74
Baden-Württemberg,03may2020,86
Baden-Württemberg,04may2020,116
Baden-Württemberg,05may2020,97
Baden-Württemberg,06may2020,116
Baden-Württemberg,07may2020,128
Baden-Württemberg,08may2020,167
Baden-Württemberg,09may2020,94
Baden-Württemberg,10may2020,68
Baden-Württemberg,11may2020,93
Baden-Württemberg,12may2020,84
Baden-Württemberg,13may2020,97
Baden-Württemberg,14may2020,62
Baden-Württemberg,15may2020,70
Baden-Württemberg,16may2020,57
Baden-Württemberg,17may2020,30
Baden-Württemberg,18may2020,58
Baden-Württemberg,19may2020,71
Baden-Württemberg,20may2020,75
Baden-Württemberg,21may2020,38
Baden-Württemberg,22may2020,49
Baden-Württemberg,23may2020,46
Baden-Württemberg,24may2020,22
Baden-Württemberg,25may2020,39
Baden-Württemberg,26may2020,52
Baden-Württemberg,27may2020,69
Baden-Württemberg,28may2020,47
Baden-Württemberg,29may2020,31
Baden-Württemberg,30may2020,17
Baden-Württemberg,31may2020,20
Baden-Württemberg,01jun2020,13
Baden-Württemberg,02jun2020,20
Baden-Württemberg,03jun2020,38
Baden-Württemberg,04jun2020,26
Baden-Württemberg,05jun2020,31
Baden-Württemberg,06jun2020,21
Baden-Württemberg,07jun2020,17
Baden-Württemberg,08jun2020,21
Baden-Württemberg,09jun2020,33
Baden-Württemberg,10jun2020,34
Baden-Württemberg,11jun2020,15
Baden-Württemberg,12jun2020,31
Baden-Württemberg,13jun2020,16
Baden-Württemberg,14jun2020,22
Baden-Württemberg,15jun2020,15
Baden-Württemberg,16jun2020,32
Baden-Württemberg,17jun2020,37
Baden-Württemberg,18jun2020,30
Baden-Württemberg,19jun2020,37
Baden-Württemberg,20jun2020,36
Baden-Württemberg,21jun2020,16
Baden-Württemberg,22jun2020,37
Baden-Württemberg,23jun2020,35
Baden-Württemberg,24jun2020,51
Baden-Württemberg,25jun2020,36
Baden-Württemberg,26jun2020,60
Baden-Württemberg,27jun2020,26
Baden-Württemberg,28jun2020,19
Baden-Württemberg,29jun2020,24
Baden-Württemberg,30jun2020,37
Baden-Württemberg,01jul2020,40
Baden-Württemberg,02jul2020,39
Baden-Württemberg,03jul2020,34
Baden-Württemberg,04jul2020,25
Baden-Württemberg,05jul2020,15
Baden-Württemberg,06jul2020,51
Baden-Württemberg,07jul2020,26
Baden-Württemberg,08jul2020,46
Baden-Württemberg,09jul2020,40
Baden-Württemberg,10jul2020,52
Baden-Württemberg,11jul2020,43
Baden-Württemberg,12jul2020,30
Baden-Württemberg,13jul2020,85
Baden-Württemberg,14jul2020,62
Baden-Württemberg,15jul2020,57
Baden-Württemberg,16jul2020,66
Baden-Württemberg,17jul2020,79
Baden-Württemberg,18jul2020,55
Baden-Württemberg,19jul2020,40
Baden-Württemberg,20jul2020,67
Baden-Württemberg,21jul2020,57
Baden-Württemberg,22jul2020,87
Baden-Württemberg,23jul2020,87
Baden-Württemberg,24jul2020,79
Baden-Württemberg,25jul2020,49
Baden-Württemberg,26jul2020,40
Baden-Württemberg,27jul2020,80
Baden-Württemberg,28jul2020,64
Baden-Württemberg,29jul2020,88
Baden-Württemberg,30jul2020,76
Baden-Württemberg,31jul2020,77
Baden-Württemberg,01aug2020,46
Baden-Württemberg,02aug2020,29
Baden-Württemberg,03aug2020,63
Baden-Württemberg,04aug2020,65
Baden-Württemberg,05aug2020,90
Baden-Württemberg,06aug2020,75
Baden-Württemberg,07aug2020,85
Baden-Württemberg,08aug2020,60
Baden-Württemberg,09aug2020,48
Baden-Württemberg,10aug2020,80
Baden-Württemberg,11aug2020,109
Baden-Württemberg,12aug2020,113
Baden-Württemberg,13aug2020,110
Baden-Württemberg,14aug2020,83
Baden-Württemberg,15aug2020,50
Baden-Württemberg,16aug2020,19
Baden-Württemberg,17aug2020,74
Bayern,17jan2020,1
Bayern,23jan2020,2
Bayern,24jan2020,1
Bayern,25jan2020,1
Bayern,27jan2020,2
Bayern,28jan2020,1
Bayern,29jan2020,1
Bayern,30jan2020,3
Bayern,31jan2020,1
Bayern,02feb2020,1
Bayern,03feb2020,2
Bayern,05feb2020,1
Bayern,11feb2020,2
Bayern,12feb2020,2
Bayern,13feb2020,1
Bayern,14feb2020,2
Bayern,15feb2020,4
Bayern,17feb2020,2
Bayern,18feb2020,3
Bayern,19feb2020,1
Bayern,20feb2020,4
Bayern,21feb2020,4
Bayern,22feb2020,2
Bayern,23feb2020,6
Bayern,24feb2020,9
Bayern,25feb2020,11
Bayern,26feb2020,18
Bayern,27feb2020,30
Bayern,28feb2020,36
Bayern,29feb2020,50
Bayern,01mar2020,34
Bayern,02mar2020,63
Bayern,03mar2020,51
Bayern,04mar2020,63
Bayern,05mar2020,75
Bayern,06mar2020,132
Bayern,07mar2020,149
Bayern,08mar2020,159
Bayern,09mar2020,325
Bayern,10mar2020,411
Bayern,11mar2020,471
Bayern,12mar2020,547
Bayern,13mar2020,788
Bayern,14mar2020,801
Bayern,15mar2020,893
Bayern,16mar2020,1278
Bayern,17mar2020,1231
Bayern,18mar2020,1342
Bayern,19mar2020,1251
Bayern,20mar2020,1490
Bayern,21mar2020,1354
Bayern,22mar2020,1005
Bayern,23mar2020,1399
Bayern,24mar2020,1193
Bayern,25mar2020,1484
Bayern,26mar2020,1330
Bayern,27mar2020,1372
Bayern,28mar2020,1198
Bayern,29mar2020,926
Bayern,30mar2020,1177
Bayern,31mar2020,1240
Bayern,01apr2020,1338
Bayern,02apr2020,1228
Bayern,03apr2020,1254
Bayern,04apr2020,1010
Bayern,05apr2020,696
Bayern,06apr2020,918
Bayern,07apr2020,996
Bayern,08apr2020,957
Bayern,09apr2020,906
Bayern,10apr2020,751
Bayern,11apr2020,594
Bayern,12apr2020,432
Bayern,13apr2020,459
Bayern,14apr2020,587
Bayern,15apr2020,638
Bayern,16apr2020,557
Bayern,17apr2020,527
Bayern,18apr2020,415
Bayern,19apr2020,298
Bayern,20apr2020,375
Bayern,21apr2020,363
Bayern,22apr2020,409
Bayern,23apr2020,452
Bayern,24apr2020,367
Bayern,25apr2020,291
Bayern,26apr2020,175
Bayern,27apr2020,296
Bayern,28apr2020,273
Bayern,29apr2020,241
Bayern,30apr2020,245
Bayern,01may2020,193
Bayern,02may2020,140
Bayern,03may2020,117
Bayern,04may2020,166
Bayern,05may2020,174
Bayern,06may2020,222
Bayern,07may2020,179
Bayern,08may2020,164
Bayern,09may2020,141
Bayern,10may2020,101
Bayern,11may2020,167
Bayern,12may2020,150
Bayern,13may2020,136
Bayern,14may2020,166
Bayern,15may2020,139
Bayern,16may2020,100
Bayern,17may2020,63
Bayern,18may2020,117
Bayern,19may2020,116
Bayern,20may2020,165
Bayern,21may2020,86
Bayern,22may2020,96
Bayern,23may2020,77
Bayern,24may2020,82
Bayern,25may2020,63
Bayern,26may2020,120
Bayern,27may2020,103
Bayern,28may2020,78
Bayern,29may2020,51
Bayern,30may2020,82
Bayern,31may2020,34
Bayern,01jun2020,26
Bayern,02jun2020,35
Bayern,03jun2020,51
Bayern,04jun2020,73
Bayern,05jun2020,45
Bayern,06jun2020,28
Bayern,07jun2020,41
Bayern,08jun2020,39
Bayern,09jun2020,47
Bayern,10jun2020,72
Bayern,11jun2020,35
Bayern,12jun2020,30
Bayern,13jun2020,21
Bayern,14jun2020,25
Bayern,15jun2020,41
Bayern,16jun2020,47
Bayern,17jun2020,40
Bayern,18jun2020,26
Bayern,19jun2020,40
Bayern,20jun2020,53
Bayern,21jun2020,41
Bayern,22jun2020,49
Bayern,23jun2020,45
Bayern,24jun2020,58
Bayern,25jun2020,60
Bayern,26jun2020,81
Bayern,27jun2020,48
Bayern,28jun2020,47
Bayern,29jun2020,85
Bayern,30jun2020,81
Bayern,01jul2020,50
Bayern,02jul2020,53
Bayern,03jul2020,83
Bayern,04jul2020,71
Bayern,05jul2020,39
Bayern,06jul2020,71
Bayern,07jul2020,96
Bayern,08jul2020,79
Bayern,09jul2020,79
Bayern,10jul2020,76
Bayern,11jul2020,69
Bayern,12jul2020,38
Bayern,13jul2020,88
Bayern,14jul2020,70
Bayern,15jul2020,104
Bayern,16jul2020,74
Bayern,17jul2020,78
Bayern,18jul2020,61
Bayern,19jul2020,55
Bayern,20jul2020,98
Bayern,21jul2020,82
Bayern,22jul2020,79
Bayern,23jul2020,94
Bayern,24jul2020,106
Bayern,25jul2020,165
Bayern,26jul2020,114
Bayern,27jul2020,93
Bayern,28jul2020,96
Bayern,29jul2020,102
Bayern,30jul2020,85
Bayern,31jul2020,136
Bayern,01aug2020,82
Bayern,02aug2020,82
Bayern,03aug2020,128
Bayern,04aug2020,170
Bayern,05aug2020,116
Bayern,06aug2020,114
Bayern,07aug2020,93
Bayern,08aug2020,72
Bayern,09aug2020,62
Bayern,10aug2020,171
Bayern,11aug2020,155
Bayern,12aug2020,159
Bayern,13aug2020,165
Bayern,14aug2020,165
Bayern,15aug2020,67
Bayern,16aug2020,118
Bayern,17aug2020,113
Berlin,15jan2020,1
Berlin,19feb2020,1
Berlin,23feb2020,1
Berlin,24feb2020,1
Berlin,25feb2020,3
Berlin,26feb2020,2
Berlin,27feb2020,5
Berlin,28feb2020,9
Berlin,29feb2020,7
Berlin,01mar2020,15
Berlin,02mar2020,20
Berlin,03mar2020,20
Berlin,04mar2020,30
Berlin,05mar2020,25
Berlin,06mar2020,43
Berlin,07mar2020,38
Berlin,08mar2020,46
Berlin,09mar2020,90
Berlin,10mar2020,135
Berlin,11mar2020,139
Berlin,12mar2020,160
Berlin,13mar2020,186
Berlin,14mar2020,181
Berlin,15mar2020,198
Berlin,16mar2020,240
Berlin,17mar2020,209
Berlin,18mar2020,208
Berlin,19mar2020,181
Berlin,20mar2020,189
Berlin,21mar2020,149
Berlin,22mar2020,125
Berlin,23mar2020,194
Berlin,24mar2020,135
Berlin,25mar2020,142
Berlin,26mar2020,153
Berlin,27mar2020,138
Berlin,28mar2020,122
Berlin,29mar2020,98
Berlin,30mar2020,140
Berlin,31mar2020,106
Berlin,01apr2020,124
Berlin,02apr2020,131
Berlin,03apr2020,143
Berlin,04apr2020,89
Berlin,05apr2020,82
Berlin,06apr2020,128
Berlin,07apr2020,123
Berlin,08apr2020,89
Berlin,09apr2020,103
Berlin,10apr2020,84
Berlin,11apr2020,76
Berlin,12apr2020,63
Berlin,13apr2020,65
Berlin,14apr2020,76
Berlin,15apr2020,59
Berlin,16apr2020,60
Berlin,17apr2020,67
Berlin,18apr2020,56
Berlin,19apr2020,40
Berlin,20apr2020,49
Berlin,21apr2020,48
Berlin,22apr2020,61
Berlin,23apr2020,52
Berlin,24apr2020,56
Berlin,25apr2020,40
Berlin,26apr2020,37
Berlin,27apr2020,63
Berlin,28apr2020,60
Berlin,29apr2020,56
Berlin,30apr2020,50
Berlin,01may2020,26
Berlin,02may2020,32
Berlin,03may2020,32
Berlin,04may2020,33
Berlin,05may2020,50
Berlin,06may2020,38
Berlin,07may2020,31
Berlin,08may2020,17
Berlin,09may2020,15
Berlin,10may2020,13
Berlin,11may2020,20
Berlin,12may2020,25
Berlin,13may2020,34
Berlin,14may2020,26
Berlin,15may2020,20
Berlin,16may2020,23
Berlin,17may2020,20
Berlin,18may2020,48
Berlin,19may2020,29
Berlin,20may2020,30
Berlin,21may2020,17
Berlin,22may2020,32
Berlin,23may2020,16
Berlin,24may2020,13
Berlin,25may2020,27
Berlin,26may2020,33
Berlin,27may2020,32
Berlin,28may2020,29
Berlin,29may2020,25
Berlin,30may2020,20
Berlin,31may2020,28
Berlin,01jun2020,19
Berlin,02jun2020,40
Berlin,03jun2020,51
Berlin,04jun2020,34
Berlin,05jun2020,45
Berlin,06jun2020,29
Berlin,07jun2020,16
Berlin,08jun2020,47
Berlin,09jun2020,38
Berlin,10jun2020,79
Berlin,11jun2020,54
Berlin,12jun2020,47
Berlin,13jun2020,77
Berlin,14jun2020,23
Berlin,15jun2020,60
Berlin,16jun2020,76
Berlin,17jun2020,81
Berlin,18jun2020,105
Berlin,19jun2020,105
Berlin,20jun2020,35
Berlin,21jun2020,34
Berlin,22jun2020,65
Berlin,23jun2020,54
Berlin,24jun2020,41
Berlin,25jun2020,48
Berlin,26jun2020,44
Berlin,27jun2020,30
Berlin,28jun2020,17
Berlin,29jun2020,48
Berlin,30jun2020,37
Berlin,01jul2020,39
Berlin,02jul2020,45
Berlin,03jul2020,21
Berlin,04jul2020,16
Berlin,05jul2020,10
Berlin,06jul2020,25
Berlin,07jul2020,28
Berlin,08jul2020,38
Berlin,09jul2020,30
Berlin,10jul2020,32
Berlin,11jul2020,13
Berlin,12jul2020,9
Berlin,13jul2020,33
Berlin,14jul2020,28
Berlin,15jul2020,26
Berlin,16jul2020,17
Berlin,17jul2020,28
Berlin,18jul2020,20
Berlin,19jul2020,27
Berlin,20jul2020,47
Berlin,21jul2020,49
Berlin,22jul2020,49
Berlin,23jul2020,57
Berlin,24jul2020,53
Berlin,25jul2020,17
Berlin,26jul2020,19
Berlin,27jul2020,45
Berlin,28jul2020,55
Berlin,29jul2020,50
Berlin,30jul2020,42
Berlin,31jul2020,54
Berlin,01aug2020,43
Berlin,02aug2020,35
Berlin,03aug2020,54
Berlin,04aug2020,46
Berlin,05aug2020,52
Berlin,06aug2020,72
Berlin,07aug2020,81
Berlin,08aug2020,45
Berlin,09aug2020,32
Berlin,10aug2020,88
Berlin,11aug2020,68
Berlin,12aug2020,78
Berlin,13aug2020,51
Berlin,14aug2020,40
Berlin,15aug2020,23
Berlin,16aug2020,2
Berlin,17aug2020,56
Brandenburg,10feb2020,1
Brandenburg,20feb2020,2
Brandenburg,24feb2020,1
Brandenburg,27feb2020,2
Brandenburg,29feb2020,3
Brandenburg,01mar2020,2
Brandenburg,02mar2020,5
Brandenburg,04mar2020,8
Brandenburg,05mar2020,3
Brandenburg,06mar2020,15
Brandenburg,07mar2020,9
Brandenburg,08mar2020,12
Brandenburg,09mar2020,30
Brandenburg,10mar2020,25
Brandenburg,11mar2020,38
Brandenburg,12mar2020,58
Brandenburg,13mar2020,66
Brandenburg,14mar2020,60
Brandenburg,15mar2020,56
Brandenburg,16mar2020,79
Brandenburg,17mar2020,59
Brandenburg,18mar2020,75
Brandenburg,19mar2020,65
Brandenburg,20mar2020,78
Brandenburg,21mar2020,56
Brandenburg,22mar2020,56
Brandenburg,23mar2020,79
Brandenburg,24mar2020,61
Brandenburg,25mar2020,53
Brandenburg,26mar2020,61
Brandenburg,27mar2020,63
Brandenburg,28mar2020,67
Brandenburg,29mar2020,50
Brandenburg,30mar2020,66
Brandenburg,31mar2020,65
Brandenburg,01apr2020,76
Brandenburg,02apr2020,89
Brandenburg,03apr2020,106
Brandenburg,04apr2020,51
Brandenburg,05apr2020,50
Brandenburg,06apr2020,74
Brandenburg,07apr2020,79
Brandenburg,08apr2020,114
Brandenburg,09apr2020,69
Brandenburg,10apr2020,39
Brandenburg,11apr2020,42
Brandenburg,12apr2020,34
Brandenburg,13apr2020,33
Brandenburg,14apr2020,52
Brandenburg,15apr2020,47
Brandenburg,16apr2020,33
Brandenburg,17apr2020,69
Brandenburg,18apr2020,67
Brandenburg,19apr2020,24
Brandenburg,20apr2020,72
Brandenburg,21apr2020,34
Brandenburg,22apr2020,28
Brandenburg,23apr2020,43
Brandenburg,24apr2020,59
Brandenburg,25apr2020,29
Brandenburg,26apr2020,18
Brandenburg,27apr2020,44
Brandenburg,28apr2020,43
Brandenburg,29apr2020,30
Brandenburg,30apr2020,17
Brandenburg,01may2020,21
Brandenburg,02may2020,8
Brandenburg,03may2020,6
Brandenburg,04may2020,10
Brandenburg,05may2020,34
Brandenburg,06may2020,12
Brandenburg,07may2020,8
Brandenburg,08may2020,20
Brandenburg,09may2020,7
Brandenburg,10may2020,1
Brandenburg,11may2020,6
Brandenburg,12may2020,7
Brandenburg,13may2020,8
Brandenburg,14may2020,15
Brandenburg,15may2020,6
Brandenburg,16may2020,8
Brandenburg,17may2020,4
Brandenburg,18may2020,7
Brandenburg,19may2020,8
Brandenburg,20may2020,9
Brandenburg,21may2020,7
Brandenburg,22may2020,7
Brandenburg,23may2020,2
Brandenburg,24may2020,2
Brandenburg,25may2020,6
Brandenburg,26may2020,5
Brandenburg,27may2020,3
Brandenburg,28may2020,2
Brandenburg,29may2020,5
Brandenburg,30may2020,5
Brandenburg,01jun2020,5
Brandenburg,02jun2020,4
Brandenburg,03jun2020,1
Brandenburg,04jun2020,5
Brandenburg,05jun2020,3
Brandenburg,06jun2020,7
Brandenburg,07jun2020,1
Brandenburg,08jun2020,3
Brandenburg,09jun2020,12
Brandenburg,10jun2020,4
Brandenburg,11jun2020,6
Brandenburg,12jun2020,4
Brandenburg,13jun2020,13
Brandenburg,14jun2020,4
Brandenburg,15jun2020,9
Brandenburg,16jun2020,11
Brandenburg,17jun2020,5
Brandenburg,18jun2020,10
Brandenburg,19jun2020,6
Brandenburg,20jun2020,18
Brandenburg,21jun2020,6
Brandenburg,22jun2020,8
Brandenburg,23jun2020,7
Brandenburg,24jun2020,5
Brandenburg,25jun2020,2
Brandenburg,26jun2020,5
Brandenburg,27jun2020,2
Brandenburg,29jun2020,4
Brandenburg,30jun2020,7
Brandenburg,01jul2020,9
Brandenburg,02jul2020,6
Brandenburg,03jul2020,7
Brandenburg,04jul2020,2
Brandenburg,06jul2020,9
Brandenburg,08jul2020,2
Brandenburg,09jul2020,1
Brandenburg,10jul2020,5
Brandenburg,11jul2020,4
Brandenburg,12jul2020,1
Brandenburg,13jul2020,3
Brandenburg,14jul2020,6
Brandenburg,15jul2020,10
Brandenburg,16jul2020,5
Brandenburg,17jul2020,1
Brandenburg,18jul2020,8
Brandenburg,19jul2020,2
Brandenburg,20jul2020,26
Brandenburg,21jul2020,15
Brandenburg,22jul2020,11
Brandenburg,23jul2020,3
Brandenburg,24jul2020,4
Brandenburg,25jul2020,2
Brandenburg,26jul2020,5
Brandenburg,27jul2020,2
Brandenburg,28jul2020,5
Brandenburg,29jul2020,2
Brandenburg,30jul2020,4
Brandenburg,31jul2020,6
Brandenburg,01aug2020,4
Brandenburg,02aug2020,6
Brandenburg,03aug2020,12
Brandenburg,04aug2020,8
Brandenburg,05aug2020,14
Brandenburg,06aug2020,11
Brandenburg,07aug2020,16
Brandenburg,08aug2020,5
Brandenburg,09aug2020,4
Brandenburg,10aug2020,4
Brandenburg,11aug2020,9
Brandenburg,12aug2020,15
Brandenburg,13aug2020,6
Brandenburg,14aug2020,2
Brandenburg,16aug2020,3
Brandenburg,17aug2020,3
Bremen,26feb2020,1
Bremen,28feb2020,1
Bremen,29feb2020,1
Bremen,01mar2020,2
Bremen,02mar2020,1
Bremen,03mar2020,1
Bremen,04mar2020,1
Bremen,05mar2020,2
Bremen,06mar2020,2
Bremen,07mar2020,9
Bremen,08mar2020,12
Bremen,09mar2020,9
Bremen,10mar2020,15
Bremen,11mar2020,21
Bremen,12mar2020,24
Bremen,13mar2020,18
Bremen,14mar2020,18
Bremen,15mar2020,25
Bremen,16mar2020,23
Bremen,17mar2020,16
Bremen,18mar2020,16
Bremen,19mar2020,22
Bremen,20mar2020,16
Bremen,21mar2020,11
Bremen,22mar2020,8
Bremen,23mar2020,16
Bremen,24mar2020,11
Bremen,25mar2020,10
Bremen,26mar2020,16
Bremen,27mar2020,11
Bremen,28mar2020,13
Bremen,29mar2020,4
Bremen,30mar2020,11
Bremen,31mar2020,11
Bremen,01apr2020,16
Bremen,02apr2020,13
Bremen,03apr2020,13
Bremen,04apr2020,9
Bremen,05apr2020,11
Bremen,06apr2020,13
Bremen,07apr2020,18
Bremen,08apr2020,14
Bremen,09apr2020,9
Bremen,10apr2020,6
Bremen,11apr2020,10
Bremen,12apr2020,9
Bremen,13apr2020,9
Bremen,14apr2020,11
Bremen,15apr2020,8
Bremen,16apr2020,48
Bremen,17apr2020,16
Bremen,18apr2020,17
Bremen,19apr2020,12
Bremen,20apr2020,16
Bremen,21apr2020,11
Bremen,22apr2020,103
Bremen,23apr2020,12
Bremen,24apr2020,22
Bremen,25apr2020,12
Bremen,26apr2020,12
Bremen,27apr2020,10
Bremen,28apr2020,33
Bremen,29apr2020,40
Bremen,30apr2020,28
Bremen,01may2020,27
Bremen,02may2020,18
Bremen,03may2020,29
Bremen,04may2020,30
Bremen,05may2020,22
Bremen,06may2020,19
Bremen,07may2020,34
Bremen,08may2020,21
Bremen,09may2020,17
Bremen,10may2020,17
Bremen,11may2020,16
Bremen,12may2020,18
Bremen,13may2020,16
Bremen,14may2020,14
Bremen,15may2020,12
Bremen,16may2020,12
Bremen,17may2020,9
Bremen,18may2020,12
Bremen,19may2020,11
Bremen,20may2020,17
Bremen,21may2020,12
Bremen,22may2020,13
Bremen,23may2020,10
Bremen,24may2020,14
Bremen,25may2020,16
Bremen,26may2020,13
Bremen,27may2020,18
Bremen,28may2020,19
Bremen,29may2020,21
Bremen,30may2020,16
Bremen,31may2020,5
Bremen,01jun2020,5
Bremen,02jun2020,15
Bremen,03jun2020,16
Bremen,04jun2020,31
Bremen,05jun2020,18
Bremen,06jun2020,6
Bremen,07jun2020,8
Bremen,08jun2020,7
Bremen,09jun2020,6
Bremen,10jun2020,13
Bremen,11jun2020,3
Bremen,12jun2020,8
Bremen,13jun2020,5
Bremen,14jun2020,2
Bremen,15jun2020,4
Bremen,16jun2020,8
Bremen,17jun2020,13
Bremen,18jun2020,4
Bremen,19jun2020,7
Bremen,20jun2020,5
Bremen,22jun2020,7
Bremen,24jun2020,1
Bremen,25jun2020,3
Bremen,26jun2020,3
Bremen,27jun2020,1
Bremen,29jun2020,3
Bremen,30jun2020,5
Bremen,01jul2020,2
Bremen,02jul2020,3
Bremen,03jul2020,3
Bremen,04jul2020,2
Bremen,05jul2020,4
Bremen,06jul2020,1
Bremen,07jul2020,1
Bremen,08jul2020,3
Bremen,09jul2020,1
Bremen,10jul2020,1
Bremen,11jul2020,1
Bremen,12jul2020,1
Bremen,13jul2020,1
Bremen,14jul2020,2
Bremen,15jul2020,5
Bremen,16jul2020,2
Bremen,17jul2020,6
Bremen,18jul2020,11
Bremen,19jul2020,6
Bremen,20jul2020,5
Bremen,21jul2020,3
Bremen,22jul2020,3
Bremen,23jul2020,7
Bremen,24jul2020,7
Bremen,25jul2020,9
Bremen,26jul2020,5
Bremen,27jul2020,2
Bremen,28jul2020,11
Bremen,29jul2020,3
Bremen,30jul2020,2
Bremen,31jul2020,2
Bremen,02aug2020,1
Bremen,03aug2020,7
Bremen,04aug2020,2
Bremen,05aug2020,4
Bremen,06aug2020,4
Bremen,07aug2020,5
Bremen,08aug2020,5
Bremen,09aug2020,1
Bremen,10aug2020,8
Bremen,11aug2020,3
Bremen,12aug2020,2
Bremen,13aug2020,3
Bremen,14aug2020,2
Bremen,15aug2020,7
Bremen,16aug2020,2
Bremen,17aug2020,6
Hamburg,10feb2020,1
Hamburg,17feb2020,1
Hamburg,24feb2020,1
Hamburg,26feb2020,1
Hamburg,27feb2020,3
Hamburg,28feb2020,3
Hamburg,29feb2020,3
Hamburg,01mar2020,5
Hamburg,02mar2020,4
Hamburg,03mar2020,9
Hamburg,04mar2020,15
Hamburg,05mar2020,16
Hamburg,06mar2020,35
Hamburg,07mar2020,37
Hamburg,08mar2020,35
Hamburg,09mar2020,58
Hamburg,10mar2020,77
Hamburg,11mar2020,88
Hamburg,12mar2020,123
Hamburg,13mar2020,137
Hamburg,14mar2020,164
Hamburg,15mar2020,180
Hamburg,16mar2020,190
Hamburg,17mar2020,180
Hamburg,18mar2020,155
Hamburg,19mar2020,116
Hamburg,20mar2020,142
Hamburg,21mar2020,122
Hamburg,22mar2020,95
Hamburg,23mar2020,145
Hamburg,24mar2020,123
Hamburg,25mar2020,121
Hamburg,26mar2020,119
Hamburg,27mar2020,137
Hamburg,28mar2020,104
Hamburg,29mar2020,72
Hamburg,30mar2020,85
Hamburg,31mar2020,117
Hamburg,01apr2020,111
Hamburg,02apr2020,134
Hamburg,03apr2020,136
Hamburg,04apr2020,93
Hamburg,05apr2020,93
Hamburg,06apr2020,116
Hamburg,07apr2020,129
Hamburg,08apr2020,111
Hamburg,09apr2020,91
Hamburg,10apr2020,69
Hamburg,11apr2020,55
Hamburg,12apr2020,54
Hamburg,13apr2020,45
Hamburg,14apr2020,51
Hamburg,15apr2020,49
Hamburg,16apr2020,58
Hamburg,17apr2020,87
Hamburg,18apr2020,34
Hamburg,19apr2020,19
Hamburg,20apr2020,38
Hamburg,21apr2020,43
Hamburg,22apr2020,41
Hamburg,23apr2020,40
Hamburg,24apr2020,34
Hamburg,25apr2020,33
Hamburg,26apr2020,14
Hamburg,27apr2020,23
Hamburg,28apr2020,18
Hamburg,29apr2020,36
Hamburg,30apr2020,17
Hamburg,01may2020,10
Hamburg,02may2020,7
Hamburg,03may2020,6
Hamburg,04may2020,9
Hamburg,05may2020,18
Hamburg,06may2020,17
Hamburg,07may2020,12
Hamburg,08may2020,14
Hamburg,09may2020,5
Hamburg,10may2020,3
Hamburg,11may2020,8
Hamburg,12may2020,3
Hamburg,13may2020,12
Hamburg,14may2020,2
Hamburg,15may2020,5
Hamburg,16may2020,2
Hamburg,17may2020,1
Hamburg,18may2020,5
Hamburg,19may2020,2
Hamburg,20may2020,11
Hamburg,22may2020,6
Hamburg,23may2020,2
Hamburg,24may2020,1
Hamburg,25may2020,1
Hamburg,26may2020,5
Hamburg,27may2020,1
Hamburg,28may2020,3
Hamburg,29may2020,4
Hamburg,30may2020,3
Hamburg,31may2020,3
Hamburg,01jun2020,3
Hamburg,02jun2020,5
Hamburg,03jun2020,9
Hamburg,04jun2020,3
Hamburg,05jun2020,4
Hamburg,06jun2020,6
Hamburg,08jun2020,3
Hamburg,09jun2020,3
Hamburg,10jun2020,3
Hamburg,11jun2020,3
Hamburg,12jun2020,6
Hamburg,13jun2020,5
Hamburg,14jun2020,5
Hamburg,15jun2020,3
Hamburg,16jun2020,4
Hamburg,17jun2020,8
Hamburg,18jun2020,3
Hamburg,19jun2020,5
Hamburg,20jun2020,5
Hamburg,21jun2020,7
Hamburg,22jun2020,7
Hamburg,23jun2020,5
Hamburg,24jun2020,5
Hamburg,25jun2020,1
Hamburg,26jun2020,5
Hamburg,27jun2020,2
Hamburg,28jun2020,7
Hamburg,30jun2020,3
Hamburg,01jul2020,5
Hamburg,02jul2020,1
Hamburg,03jul2020,4
Hamburg,04jul2020,4
Hamburg,05jul2020,5
Hamburg,06jul2020,3
Hamburg,07jul2020,4
Hamburg,08jul2020,2
Hamburg,10jul2020,2
Hamburg,11jul2020,2
Hamburg,13jul2020,1
Hamburg,14jul2020,3
Hamburg,15jul2020,5
Hamburg,16jul2020,4
Hamburg,17jul2020,3
Hamburg,18jul2020,5
Hamburg,19jul2020,4
Hamburg,20jul2020,11
Hamburg,21jul2020,19
Hamburg,22jul2020,19
Hamburg,23jul2020,17
Hamburg,24jul2020,11
Hamburg,25jul2020,17
Hamburg,26jul2020,13
Hamburg,27jul2020,16
Hamburg,28jul2020,14
Hamburg,29jul2020,23
Hamburg,30jul2020,21
Hamburg,31jul2020,27
Hamburg,01aug2020,22
Hamburg,02aug2020,17
Hamburg,03aug2020,36
Hamburg,04aug2020,34
Hamburg,05aug2020,54
Hamburg,06aug2020,52
Hamburg,07aug2020,37
Hamburg,08aug2020,25
Hamburg,09aug2020,14
Hamburg,10aug2020,28
Hamburg,11aug2020,25
Hamburg,12aug2020,35
Hamburg,13aug2020,24
Hamburg,14aug2020,24
Hamburg,15aug2020,6
Hamburg,16aug2020,1
Hamburg,17aug2020,2
Hessen,31jan2020,1
Hessen,10feb2020,1
Hessen,15feb2020,2
Hessen,16feb2020,1
Hessen,19feb2020,1
Hessen,20feb2020,2
Hessen,23feb2020,3
Hessen,24feb2020,4
Hessen,25feb2020,8
Hessen,26feb2020,5
Hessen,27feb2020,3
Hessen,28feb2020,6
Hessen,29feb2020,3
Hessen,01mar2020,8
Hessen,02mar2020,9
Hessen,03mar2020,10
Hessen,04mar2020,10
Hessen,05mar2020,11
Hessen,06mar2020,28
Hessen,07mar2020,47
Hessen,08mar2020,88
Hessen,09mar2020,119
Hessen,10mar2020,149
Hessen,11mar2020,161
Hessen,12mar2020,202
Hessen,13mar2020,230
Hessen,14mar2020,228
Hessen,15mar2020,218
Hessen,16mar2020,299
Hessen,17mar2020,275
Hessen,18mar2020,241
Hessen,19mar2020,232
Hessen,20mar2020,229
Hessen,21mar2020,188
Hessen,22mar2020,124
Hessen,23mar2020,226
Hessen,24mar2020,172
Hessen,25mar2020,191
Hessen,26mar2020,193
Hessen,27mar2020,219
Hessen,28mar2020,175
Hessen,29mar2020,150
Hessen,30mar2020,225
Hessen,31mar2020,152
Hessen,01apr2020,215
Hessen,02apr2020,202
Hessen,03apr2020,183
Hessen,04apr2020,155
Hessen,05apr2020,110
Hessen,06apr2020,164
Hessen,07apr2020,173
Hessen,08apr2020,162
Hessen,09apr2020,179
Hessen,10apr2020,124
Hessen,11apr2020,131
Hessen,12apr2020,124
Hessen,13apr2020,103
Hessen,14apr2020,118
Hessen,15apr2020,154
Hessen,16apr2020,115
Hessen,17apr2020,152
Hessen,18apr2020,108
Hessen,19apr2020,109
Hessen,20apr2020,106
Hessen,21apr2020,107
Hessen,22apr2020,112
Hessen,23apr2020,114
Hessen,24apr2020,90
Hessen,25apr2020,67
Hessen,26apr2020,43
Hessen,27apr2020,71
Hessen,28apr2020,95
Hessen,29apr2020,73
Hessen,30apr2020,75
Hessen,01may2020,61
Hessen,02may2020,57
Hessen,03may2020,43
Hessen,04may2020,47
Hessen,05may2020,78
Hessen,06may2020,86
Hessen,07may2020,59
Hessen,08may2020,69
Hessen,09may2020,37
Hessen,10may2020,34
Hessen,11may2020,53
Hessen,12may2020,75
Hessen,13may2020,84
Hessen,14may2020,44
Hessen,15may2020,55
Hessen,16may2020,55
Hessen,17may2020,84
Hessen,18may2020,63
Hessen,19may2020,37
Hessen,20may2020,57
Hessen,21may2020,22
Hessen,22may2020,33
Hessen,23may2020,35
Hessen,24may2020,26
Hessen,25may2020,38
Hessen,26may2020,45
Hessen,27may2020,39
Hessen,28may2020,52
Hessen,29may2020,40
Hessen,30may2020,36
Hessen,31may2020,13
Hessen,01jun2020,18
Hessen,02jun2020,25
Hessen,03jun2020,14
Hessen,04jun2020,27
Hessen,05jun2020,19
Hessen,06jun2020,17
Hessen,07jun2020,8
Hessen,08jun2020,40
Hessen,09jun2020,24
Hessen,10jun2020,36
Hessen,11jun2020,14
Hessen,12jun2020,30
Hessen,13jun2020,19
Hessen,14jun2020,18
Hessen,15jun2020,24
Hessen,16jun2020,35
Hessen,17jun2020,49
Hessen,18jun2020,27
Hessen,19jun2020,48
Hessen,20jun2020,23
Hessen,21jun2020,15
Hessen,22jun2020,25
Hessen,23jun2020,27
Hessen,24jun2020,31
Hessen,25jun2020,28
Hessen,26jun2020,22
Hessen,27jun2020,17
Hessen,28jun2020,15
Hessen,29jun2020,35
Hessen,30jun2020,28
Hessen,01jul2020,42
Hessen,02jul2020,33
Hessen,03jul2020,33
Hessen,04jul2020,20
Hessen,05jul2020,23
Hessen,06jul2020,31
Hessen,07jul2020,34
Hessen,08jul2020,47
Hessen,09jul2020,40
Hessen,10jul2020,44
Hessen,11jul2020,28
Hessen,12jul2020,13
Hessen,13jul2020,44
Hessen,14jul2020,40
Hessen,15jul2020,49
Hessen,16jul2020,39
Hessen,17jul2020,44
Hessen,18jul2020,37
Hessen,19jul2020,30
Hessen,20jul2020,46
Hessen,21jul2020,45
Hessen,22jul2020,56
Hessen,23jul2020,43
Hessen,24jul2020,62
Hessen,25jul2020,52
Hessen,26jul2020,33
Hessen,27jul2020,56
Hessen,28jul2020,58
Hessen,29jul2020,66
Hessen,30jul2020,73
Hessen,31jul2020,84
Hessen,01aug2020,65
Hessen,02aug2020,68
Hessen,03aug2020,73
Hessen,04aug2020,98
Hessen,05aug2020,98
Hessen,06aug2020,83
Hessen,07aug2020,110
Hessen,08aug2020,71
Hessen,09aug2020,38
Hessen,10aug2020,101
Hessen,11aug2020,85
Hessen,12aug2020,118
Hessen,13aug2020,139
Hessen,14aug2020,105
Hessen,15aug2020,38
Hessen,16aug2020,40
Hessen,17aug2020,101
Mecklenburg-Vorpommern,28feb2020,1
Mecklenburg-Vorpommern,29feb2020,1
Mecklenburg-Vorpommern,01mar2020,2
Mecklenburg-Vorpommern,02mar2020,2
Mecklenburg-Vorpommern,03mar2020,1
Mecklenburg-Vorpommern,04mar2020,5
Mecklenburg-Vorpommern,05mar2020,5
Mecklenburg-Vorpommern,06mar2020,5
Mecklenburg-Vorpommern,07mar2020,3
Mecklenburg-Vorpommern,08mar2020,9
Mecklenburg-Vorpommern,09mar2020,10
Mecklenburg-Vorpommern,10mar2020,9
Mecklenburg-Vorpommern,11mar2020,17
Mecklenburg-Vorpommern,12mar2020,13
Mecklenburg-Vorpommern,13mar2020,26
Mecklenburg-Vorpommern,14mar2020,10
Mecklenburg-Vorpommern,15mar2020,17
Mecklenburg-Vorpommern,16mar2020,25
Mecklenburg-Vorpommern,17mar2020,31
Mecklenburg-Vorpommern,18mar2020,39
Mecklenburg-Vorpommern,19mar2020,13
Mecklenburg-Vorpommern,20mar2020,26
Mecklenburg-Vorpommern,21mar2020,16
Mecklenburg-Vorpommern,22mar2020,9
Mecklenburg-Vorpommern,23mar2020,26
Mecklenburg-Vorpommern,24mar2020,23
Mecklenburg-Vorpommern,25mar2020,19
Mecklenburg-Vorpommern,26mar2020,21
Mecklenburg-Vorpommern,27mar2020,33
Mecklenburg-Vorpommern,28mar2020,16
Mecklenburg-Vorpommern,29mar2020,14
Mecklenburg-Vorpommern,30mar2020,16
Mecklenburg-Vorpommern,31mar2020,29
Mecklenburg-Vorpommern,01apr2020,20
Mecklenburg-Vorpommern,02apr2020,19
Mecklenburg-Vorpommern,03apr2020,11
Mecklenburg-Vorpommern,04apr2020,9
Mecklenburg-Vorpommern,05apr2020,8
Mecklenburg-Vorpommern,06apr2020,11
Mecklenburg-Vorpommern,07apr2020,26
Mecklenburg-Vorpommern,08apr2020,12
Mecklenburg-Vorpommern,09apr2020,8
Mecklenburg-Vorpommern,10apr2020,5
Mecklenburg-Vorpommern,11apr2020,11
Mecklenburg-Vorpommern,12apr2020,8
Mecklenburg-Vorpommern,13apr2020,2
Mecklenburg-Vorpommern,14apr2020,4
Mecklenburg-Vorpommern,15apr2020,4
Mecklenburg-Vorpommern,16apr2020,2
Mecklenburg-Vorpommern,17apr2020,7
Mecklenburg-Vorpommern,18apr2020,1
Mecklenburg-Vorpommern,19apr2020,2
Mecklenburg-Vorpommern,20apr2020,2
Mecklenburg-Vorpommern,21apr2020,5
Mecklenburg-Vorpommern,22apr2020,5
Mecklenburg-Vorpommern,23apr2020,1
Mecklenburg-Vorpommern,24apr2020,6
Mecklenburg-Vorpommern,25apr2020,5
Mecklenburg-Vorpommern,26apr2020,8
Mecklenburg-Vorpommern,27apr2020,5
Mecklenburg-Vorpommern,28apr2020,1
Mecklenburg-Vorpommern,29apr2020,6
Mecklenburg-Vorpommern,30apr2020,5
Mecklenburg-Vorpommern,01may2020,2
Mecklenburg-Vorpommern,02may2020,3
Mecklenburg-Vorpommern,03may2020,3
Mecklenburg-Vorpommern,04may2020,3
Mecklenburg-Vorpommern,05may2020,4
Mecklenburg-Vorpommern,06may2020,3
Mecklenburg-Vorpommern,07may2020,2
Mecklenburg-Vorpommern,08may2020,4
Mecklenburg-Vorpommern,09may2020,1
Mecklenburg-Vorpommern,10may2020,1
Mecklenburg-Vorpommern,12may2020,2
Mecklenburg-Vorpommern,13may2020,3
Mecklenburg-Vorpommern,14may2020,6
Mecklenburg-Vorpommern,15may2020,3
Mecklenburg-Vorpommern,16may2020,2
Mecklenburg-Vorpommern,18may2020,1
Mecklenburg-Vorpommern,20may2020,5
Mecklenburg-Vorpommern,26may2020,1
Mecklenburg-Vorpommern,29may2020,2
Mecklenburg-Vorpommern,31may2020,1
Mecklenburg-Vorpommern,01jun2020,3
Mecklenburg-Vorpommern,03jun2020,6
Mecklenburg-Vorpommern,04jun2020,2
Mecklenburg-Vorpommern,05jun2020,3
Mecklenburg-Vorpommern,06jun2020,1
Mecklenburg-Vorpommern,08jun2020,4
Mecklenburg-Vorpommern,09jun2020,2
Mecklenburg-Vorpommern,10jun2020,2
Mecklenburg-Vorpommern,11jun2020,1
Mecklenburg-Vorpommern,13jun2020,1
Mecklenburg-Vorpommern,14jun2020,1
Mecklenburg-Vorpommern,15jun2020,2
Mecklenburg-Vorpommern,17jun2020,2
Mecklenburg-Vorpommern,19jun2020,3
Mecklenburg-Vorpommern,20jun2020,1
Mecklenburg-Vorpommern,23jun2020,1
Mecklenburg-Vorpommern,25jun2020,2
Mecklenburg-Vorpommern,26jun2020,2
Mecklenburg-Vorpommern,27jun2020,2
Mecklenburg-Vorpommern,07jul2020,1
Mecklenburg-Vorpommern,08jul2020,1
Mecklenburg-Vorpommern,14jul2020,1
Mecklenburg-Vorpommern,15jul2020,1
Mecklenburg-Vorpommern,16jul2020,1
Mecklenburg-Vorpommern,17jul2020,2
Mecklenburg-Vorpommern,18jul2020,1
Mecklenburg-Vorpommern,19jul2020,1
Mecklenburg-Vorpommern,20jul2020,2
Mecklenburg-Vorpommern,21jul2020,1
Mecklenburg-Vorpommern,22jul2020,9
Mecklenburg-Vorpommern,23jul2020,8
Mecklenburg-Vorpommern,24jul2020,19
Mecklenburg-Vorpommern,25jul2020,4
Mecklenburg-Vorpommern,26jul2020,1
Mecklenburg-Vorpommern,27jul2020,9
Mecklenburg-Vorpommern,28jul2020,7
Mecklenburg-Vorpommern,29jul2020,9
Mecklenburg-Vorpommern,30jul2020,3
Mecklenburg-Vorpommern,31jul2020,7
Mecklenburg-Vorpommern,01aug2020,13
Mecklenburg-Vorpommern,02aug2020,5
Mecklenburg-Vorpommern,03aug2020,3
Mecklenburg-Vorpommern,04aug2020,4
Mecklenburg-Vorpommern,05aug2020,10
Mecklenburg-Vorpommern,06aug2020,9
Mecklenburg-Vorpommern,07aug2020,6
Mecklenburg-Vorpommern,08aug2020,2
Mecklenburg-Vorpommern,09aug2020,2
Mecklenburg-Vorpommern,10aug2020,7
Mecklenburg-Vorpommern,11aug2020,6
Mecklenburg-Vorpommern,12aug2020,1
Mecklenburg-Vorpommern,13aug2020,3
Mecklenburg-Vorpommern,14aug2020,7
Mecklenburg-Vorpommern,15aug2020,1
Mecklenburg-Vorpommern,16aug2020,1
Mecklenburg-Vorpommern,17aug2020,2
Niedersachsen,31jan2020,1
Niedersachsen,02feb2020,1
Niedersachsen,12feb2020,2
Niedersachsen,13feb2020,1
Niedersachsen,15feb2020,2
Niedersachsen,20feb2020,1
Niedersachsen,22feb2020,1
Niedersachsen,26feb2020,2
Niedersachsen,27feb2020,3
Niedersachsen,28feb2020,5
Niedersachsen,29feb2020,4
Niedersachsen,01mar2020,9
Niedersachsen,02mar2020,16
Niedersachsen,03mar2020,12
Niedersachsen,04mar2020,26
Niedersachsen,05mar2020,26
Niedersachsen,06mar2020,36
Niedersachsen,07mar2020,50
Niedersachsen,08mar2020,70
Niedersachsen,09mar2020,102
Niedersachsen,10mar2020,106
Niedersachsen,11mar2020,186
Niedersachsen,12mar2020,201
Niedersachsen,13mar2020,280
Niedersachsen,14mar2020,275
Niedersachsen,15mar2020,235
Niedersachsen,16mar2020,316
Niedersachsen,17mar2020,292
Niedersachsen,18mar2020,331
Niedersachsen,19mar2020,281
Niedersachsen,20mar2020,281
Niedersachsen,21mar2020,209
Niedersachsen,22mar2020,171
Niedersachsen,23mar2020,324
Niedersachsen,24mar2020,241
Niedersachsen,25mar2020,325
Niedersachsen,26mar2020,253
Niedersachsen,27mar2020,319
Niedersachsen,28mar2020,254
Niedersachsen,29mar2020,200
Niedersachsen,30mar2020,327
Niedersachsen,31mar2020,271
Niedersachsen,01apr2020,300
Niedersachsen,02apr2020,257
Niedersachsen,03apr2020,296
Niedersachsen,04apr2020,195
Niedersachsen,05apr2020,194
Niedersachsen,06apr2020,241
Niedersachsen,07apr2020,224
Niedersachsen,08apr2020,239
Niedersachsen,09apr2020,237
Niedersachsen,10apr2020,178
Niedersachsen,11apr2020,123
Niedersachsen,12apr2020,159
Niedersachsen,13apr2020,108
Niedersachsen,14apr2020,155
Niedersachsen,15apr2020,136
Niedersachsen,16apr2020,138
Niedersachsen,17apr2020,163
Niedersachsen,18apr2020,114
Niedersachsen,19apr2020,99
Niedersachsen,20apr2020,95
Niedersachsen,21apr2020,106
Niedersachsen,22apr2020,121
Niedersachsen,23apr2020,107
Niedersachsen,24apr2020,103
Niedersachsen,25apr2020,66
Niedersachsen,26apr2020,70
Niedersachsen,27apr2020,75
Niedersachsen,28apr2020,73
Niedersachsen,29apr2020,64
Niedersachsen,30apr2020,83
Niedersachsen,01may2020,62
Niedersachsen,02may2020,53
Niedersachsen,03may2020,41
Niedersachsen,04may2020,77
Niedersachsen,05may2020,41
Niedersachsen,06may2020,51
Niedersachsen,07may2020,60
Niedersachsen,08may2020,34
Niedersachsen,09may2020,36
Niedersachsen,10may2020,28
Niedersachsen,11may2020,34
Niedersachsen,12may2020,36
Niedersachsen,13may2020,51
Niedersachsen,14may2020,48
Niedersachsen,15may2020,107
Niedersachsen,16may2020,31
Niedersachsen,17may2020,31
Niedersachsen,18may2020,61
Niedersachsen,19may2020,53
Niedersachsen,20may2020,126
Niedersachsen,21may2020,50
Niedersachsen,22may2020,40
Niedersachsen,23may2020,53
Niedersachsen,24may2020,42
Niedersachsen,25may2020,66
Niedersachsen,26may2020,58
Niedersachsen,27may2020,89
Niedersachsen,28may2020,54
Niedersachsen,29may2020,54
Niedersachsen,30may2020,49
Niedersachsen,31may2020,34
Niedersachsen,01jun2020,63
Niedersachsen,02jun2020,70
Niedersachsen,03jun2020,112
Niedersachsen,04jun2020,79
Niedersachsen,05jun2020,50
Niedersachsen,06jun2020,50
Niedersachsen,07jun2020,19
Niedersachsen,08jun2020,58
Niedersachsen,09jun2020,62
Niedersachsen,10jun2020,66
Niedersachsen,11jun2020,37
Niedersachsen,12jun2020,72
Niedersachsen,13jun2020,32
Niedersachsen,14jun2020,12
Niedersachsen,15jun2020,41
Niedersachsen,16jun2020,52
Niedersachsen,17jun2020,52
Niedersachsen,18jun2020,72
Niedersachsen,19jun2020,59
Niedersachsen,20jun2020,51
Niedersachsen,21jun2020,17
Niedersachsen,22jun2020,19
Niedersachsen,23jun2020,61
Niedersachsen,24jun2020,40
Niedersachsen,25jun2020,28
Niedersachsen,26jun2020,35
Niedersachsen,27jun2020,31
Niedersachsen,28jun2020,18
Niedersachsen,29jun2020,23
Niedersachsen,30jun2020,24
Niedersachsen,01jul2020,33
Niedersachsen,02jul2020,21
Niedersachsen,03jul2020,31
Niedersachsen,04jul2020,10
Niedersachsen,05jul2020,18
Niedersachsen,06jul2020,21
Niedersachsen,07jul2020,8
Niedersachsen,08jul2020,12
Niedersachsen,09jul2020,20
Niedersachsen,10jul2020,22
Niedersachsen,11jul2020,7
Niedersachsen,12jul2020,5
Niedersachsen,13jul2020,26
Niedersachsen,14jul2020,32
Niedersachsen,15jul2020,37
Niedersachsen,16jul2020,24
Niedersachsen,17jul2020,35
Niedersachsen,18jul2020,71
Niedersachsen,19jul2020,20
Niedersachsen,20jul2020,25
Niedersachsen,21jul2020,59
Niedersachsen,22jul2020,41
Niedersachsen,23jul2020,27
Niedersachsen,24jul2020,42
Niedersachsen,25jul2020,33
Niedersachsen,26jul2020,29
Niedersachsen,27jul2020,54
Niedersachsen,28jul2020,65
Niedersachsen,29jul2020,43
Niedersachsen,30jul2020,47
Niedersachsen,31jul2020,56
Niedersachsen,01aug2020,46
Niedersachsen,02aug2020,29
Niedersachsen,03aug2020,68
Niedersachsen,04aug2020,60
Niedersachsen,05aug2020,80
Niedersachsen,06aug2020,77
Niedersachsen,07aug2020,99
Niedersachsen,08aug2020,38
Niedersachsen,09aug2020,21
Niedersachsen,10aug2020,54
Niedersachsen,11aug2020,54
Niedersachsen,12aug2020,77
Niedersachsen,13aug2020,68
Niedersachsen,14aug2020,48
Niedersachsen,15aug2020,29
Niedersachsen,16aug2020,7
Niedersachsen,17aug2020,25
Nordrhein-Westfalen,20jan2020,1
Nordrhein-Westfalen,30jan2020,1
Nordrhein-Westfalen,02feb2020,2
Nordrhein-Westfalen,05feb2020,1
Nordrhein-Westfalen,07feb2020,2
Nordrhein-Westfalen,09feb2020,2
Nordrhein-Westfalen,10feb2020,2
Nordrhein-Westfalen,13feb2020,1
Nordrhein-Westfalen,14feb2020,1
Nordrhein-Westfalen,15feb2020,2
Nordrhein-Westfalen,16feb2020,4
Nordrhein-Westfalen,17feb2020,3
Nordrhein-Westfalen,18feb2020,4
Nordrhein-Westfalen,19feb2020,3
Nordrhein-Westfalen,20feb2020,15
Nordrhein-Westfalen,21feb2020,7
Nordrhein-Westfalen,22feb2020,16
Nordrhein-Westfalen,23feb2020,26
Nordrhein-Westfalen,24feb2020,38
Nordrhein-Westfalen,25feb2020,54
Nordrhein-Westfalen,26feb2020,92
Nordrhein-Westfalen,27feb2020,95
Nordrhein-Westfalen,28feb2020,106
Nordrhein-Westfalen,29feb2020,71
Nordrhein-Westfalen,01mar2020,93
Nordrhein-Westfalen,02mar2020,88
Nordrhein-Westfalen,03mar2020,93
Nordrhein-Westfalen,04mar2020,130
Nordrhein-Westfalen,05mar2020,131
Nordrhein-Westfalen,06mar2020,169
Nordrhein-Westfalen,07mar2020,239
Nordrhein-Westfalen,08mar2020,298
Nordrhein-Westfalen,09mar2020,421
Nordrhein-Westfalen,10mar2020,550
Nordrhein-Westfalen,11mar2020,708
Nordrhein-Westfalen,12mar2020,731
Nordrhein-Westfalen,13mar2020,863
Nordrhein-Westfalen,14mar2020,899
Nordrhein-Westfalen,15mar2020,885
Nordrhein-Westfalen,16mar2020,1207
Nordrhein-Westfalen,17mar2020,978
Nordrhein-Westfalen,18mar2020,1031
Nordrhein-Westfalen,19mar2020,929
Nordrhein-Westfalen,20mar2020,975
Nordrhein-Westfalen,21mar2020,780
Nordrhein-Westfalen,22mar2020,645
Nordrhein-Westfalen,23mar2020,914
Nordrhein-Westfalen,24mar2020,737
Nordrhein-Westfalen,25mar2020,864
Nordrhein-Westfalen,26mar2020,795
Nordrhein-Westfalen,27mar2020,803
Nordrhein-Westfalen,28mar2020,716
Nordrhein-Westfalen,29mar2020,536
Nordrhein-Westfalen,30mar2020,828
Nordrhein-Westfalen,31mar2020,761
Nordrhein-Westfalen,01apr2020,829
Nordrhein-Westfalen,02apr2020,857
Nordrhein-Westfalen,03apr2020,898
Nordrhein-Westfalen,04apr2020,613
Nordrhein-Westfalen,05apr2020,539
Nordrhein-Westfalen,06apr2020,778
Nordrhein-Westfalen,07apr2020,670
Nordrhein-Westfalen,08apr2020,714
Nordrhein-Westfalen,09apr2020,677
Nordrhein-Westfalen,10apr2020,448
Nordrhein-Westfalen,11apr2020,437
Nordrhein-Westfalen,12apr2020,401
Nordrhein-Westfalen,13apr2020,367
Nordrhein-Westfalen,14apr2020,391
Nordrhein-Westfalen,15apr2020,442
Nordrhein-Westfalen,16apr2020,442
Nordrhein-Westfalen,17apr2020,416
Nordrhein-Westfalen,18apr2020,332
Nordrhein-Westfalen,19apr2020,297
Nordrhein-Westfalen,20apr2020,347
Nordrhein-Westfalen,21apr2020,293
Nordrhein-Westfalen,22apr2020,287
Nordrhein-Westfalen,23apr2020,292
Nordrhein-Westfalen,24apr2020,292
Nordrhein-Westfalen,25apr2020,229
Nordrhein-Westfalen,26apr2020,163
Nordrhein-Westfalen,27apr2020,257
Nordrhein-Westfalen,28apr2020,220
Nordrhein-Westfalen,29apr2020,191
Nordrhein-Westfalen,30apr2020,249
Nordrhein-Westfalen,01may2020,222
Nordrhein-Westfalen,02may2020,191
Nordrhein-Westfalen,03may2020,123
Nordrhein-Westfalen,04may2020,203
Nordrhein-Westfalen,05may2020,212
Nordrhein-Westfalen,06may2020,228
Nordrhein-Westfalen,07may2020,225
Nordrhein-Westfalen,08may2020,182
Nordrhein-Westfalen,09may2020,168
Nordrhein-Westfalen,10may2020,114
Nordrhein-Westfalen,11may2020,188
Nordrhein-Westfalen,12may2020,164
Nordrhein-Westfalen,13may2020,163
Nordrhein-Westfalen,14may2020,145
Nordrhein-Westfalen,15may2020,214
Nordrhein-Westfalen,16may2020,158
Nordrhein-Westfalen,17may2020,109
Nordrhein-Westfalen,18may2020,203
Nordrhein-Westfalen,19may2020,132
Nordrhein-Westfalen,20may2020,137
Nordrhein-Westfalen,21may2020,117
Nordrhein-Westfalen,22may2020,101
Nordrhein-Westfalen,23may2020,80
Nordrhein-Westfalen,24may2020,68
Nordrhein-Westfalen,25may2020,148
Nordrhein-Westfalen,26may2020,150
Nordrhein-Westfalen,27may2020,125
Nordrhein-Westfalen,28may2020,92
Nordrhein-Westfalen,29may2020,92
Nordrhein-Westfalen,30may2020,89
Nordrhein-Westfalen,31may2020,47
Nordrhein-Westfalen,01jun2020,64
Nordrhein-Westfalen,02jun2020,95
Nordrhein-Westfalen,03jun2020,117
Nordrhein-Westfalen,04jun2020,114
Nordrhein-Westfalen,05jun2020,101
Nordrhein-Westfalen,06jun2020,80
Nordrhein-Westfalen,07jun2020,60
Nordrhein-Westfalen,08jun2020,106
Nordrhein-Westfalen,09jun2020,135
Nordrhein-Westfalen,10jun2020,139
Nordrhein-Westfalen,11jun2020,100
Nordrhein-Westfalen,12jun2020,106
Nordrhein-Westfalen,13jun2020,119
Nordrhein-Westfalen,14jun2020,112
Nordrhein-Westfalen,15jun2020,160
Nordrhein-Westfalen,16jun2020,651
Nordrhein-Westfalen,17jun2020,358
Nordrhein-Westfalen,18jun2020,223
Nordrhein-Westfalen,19jun2020,358
Nordrhein-Westfalen,20jun2020,202
Nordrhein-Westfalen,21jun2020,184
Nordrhein-Westfalen,22jun2020,267
Nordrhein-Westfalen,23jun2020,229
Nordrhein-Westfalen,24jun2020,221
Nordrhein-Westfalen,25jun2020,254
Nordrhein-Westfalen,26jun2020,219
Nordrhein-Westfalen,27jun2020,147
Nordrhein-Westfalen,28jun2020,124
Nordrhein-Westfalen,29jun2020,196
Nordrhein-Westfalen,30jun2020,194
Nordrhein-Westfalen,01jul2020,172
Nordrhein-Westfalen,02jul2020,172
Nordrhein-Westfalen,03jul2020,158
Nordrhein-Westfalen,04jul2020,109
Nordrhein-Westfalen,05jul2020,97
Nordrhein-Westfalen,06jul2020,105
Nordrhein-Westfalen,07jul2020,149
Nordrhein-Westfalen,08jul2020,143
Nordrhein-Westfalen,09jul2020,137
Nordrhein-Westfalen,10jul2020,179
Nordrhein-Westfalen,11jul2020,135
Nordrhein-Westfalen,12jul2020,103
Nordrhein-Westfalen,13jul2020,136
Nordrhein-Westfalen,14jul2020,170
Nordrhein-Westfalen,15jul2020,232
Nordrhein-Westfalen,16jul2020,236
Nordrhein-Westfalen,17jul2020,204
Nordrhein-Westfalen,18jul2020,190
Nordrhein-Westfalen,19jul2020,159
Nordrhein-Westfalen,20jul2020,210
Nordrhein-Westfalen,21jul2020,224
Nordrhein-Westfalen,22jul2020,258
Nordrhein-Westfalen,23jul2020,250
Nordrhein-Westfalen,24jul2020,288
Nordrhein-Westfalen,25jul2020,191
Nordrhein-Westfalen,26jul2020,148
Nordrhein-Westfalen,27jul2020,233
Nordrhein-Westfalen,28jul2020,280
Nordrhein-Westfalen,29jul2020,318
Nordrhein-Westfalen,30jul2020,267
Nordrhein-Westfalen,31jul2020,325
Nordrhein-Westfalen,01aug2020,274
Nordrhein-Westfalen,02aug2020,221
Nordrhein-Westfalen,03aug2020,312
Nordrhein-Westfalen,04aug2020,341
Nordrhein-Westfalen,05aug2020,370
Nordrhein-Westfalen,06aug2020,402
Nordrhein-Westfalen,07aug2020,327
Nordrhein-Westfalen,08aug2020,316
Nordrhein-Westfalen,09aug2020,221
Nordrhein-Westfalen,10aug2020,320
Nordrhein-Westfalen,11aug2020,387
Nordrhein-Westfalen,12aug2020,478
Nordrhein-Westfalen,13aug2020,431
Nordrhein-Westfalen,14aug2020,374
Nordrhein-Westfalen,15aug2020,228
Nordrhein-Westfalen,16aug2020,129
Nordrhein-Westfalen,17aug2020,197
Rheinland-Pfalz,06feb2020,1
Rheinland-Pfalz,20feb2020,1
Rheinland-Pfalz,23feb2020,1
Rheinland-Pfalz,25feb2020,2
Rheinland-Pfalz,26feb2020,3
Rheinland-Pfalz,27feb2020,2
Rheinland-Pfalz,28feb2020,4
Rheinland-Pfalz,29feb2020,5
Rheinland-Pfalz,01mar2020,8
Rheinland-Pfalz,02mar2020,10
Rheinland-Pfalz,03mar2020,6
Rheinland-Pfalz,04mar2020,6
Rheinland-Pfalz,05mar2020,8
Rheinland-Pfalz,06mar2020,12
Rheinland-Pfalz,07mar2020,25
Rheinland-Pfalz,08mar2020,40
Rheinland-Pfalz,09mar2020,51
Rheinland-Pfalz,10mar2020,72
Rheinland-Pfalz,11mar2020,98
Rheinland-Pfalz,12mar2020,130
Rheinland-Pfalz,13mar2020,145
Rheinland-Pfalz,14mar2020,150
Rheinland-Pfalz,15mar2020,180
Rheinland-Pfalz,16mar2020,248
Rheinland-Pfalz,17mar2020,268
Rheinland-Pfalz,18mar2020,225
Rheinland-Pfalz,19mar2020,178
Rheinland-Pfalz,20mar2020,231
Rheinland-Pfalz,21mar2020,145
Rheinland-Pfalz,22mar2020,154
Rheinland-Pfalz,23mar2020,206
Rheinland-Pfalz,24mar2020,182
Rheinland-Pfalz,25mar2020,142
Rheinland-Pfalz,26mar2020,181
Rheinland-Pfalz,27mar2020,166
Rheinland-Pfalz,28mar2020,153
Rheinland-Pfalz,29mar2020,118
Rheinland-Pfalz,30mar2020,164
Rheinland-Pfalz,31mar2020,115
Rheinland-Pfalz,01apr2020,151
Rheinland-Pfalz,02apr2020,127
Rheinland-Pfalz,03apr2020,149
Rheinland-Pfalz,04apr2020,103
Rheinland-Pfalz,05apr2020,98
Rheinland-Pfalz,06apr2020,128
Rheinland-Pfalz,07apr2020,136
Rheinland-Pfalz,08apr2020,121
Rheinland-Pfalz,09apr2020,110
Rheinland-Pfalz,10apr2020,94
Rheinland-Pfalz,11apr2020,75
Rheinland-Pfalz,12apr2020,74
Rheinland-Pfalz,13apr2020,64
Rheinland-Pfalz,14apr2020,99
Rheinland-Pfalz,15apr2020,95
Rheinland-Pfalz,16apr2020,83
Rheinland-Pfalz,17apr2020,79
Rheinland-Pfalz,18apr2020,61
Rheinland-Pfalz,19apr2020,28
Rheinland-Pfalz,20apr2020,49
Rheinland-Pfalz,21apr2020,43
Rheinland-Pfalz,22apr2020,60
Rheinland-Pfalz,23apr2020,34
Rheinland-Pfalz,24apr2020,54
Rheinland-Pfalz,25apr2020,26
Rheinland-Pfalz,26apr2020,33
Rheinland-Pfalz,27apr2020,40
Rheinland-Pfalz,28apr2020,36
Rheinland-Pfalz,29apr2020,42
Rheinland-Pfalz,30apr2020,22
Rheinland-Pfalz,01may2020,31
Rheinland-Pfalz,02may2020,22
Rheinland-Pfalz,03may2020,9
Rheinland-Pfalz,04may2020,31
Rheinland-Pfalz,05may2020,34
Rheinland-Pfalz,06may2020,19
Rheinland-Pfalz,07may2020,23
Rheinland-Pfalz,08may2020,28
Rheinland-Pfalz,09may2020,29
Rheinland-Pfalz,10may2020,20
Rheinland-Pfalz,11may2020,28
Rheinland-Pfalz,12may2020,14
Rheinland-Pfalz,13may2020,25
Rheinland-Pfalz,14may2020,18
Rheinland-Pfalz,15may2020,30
Rheinland-Pfalz,16may2020,17
Rheinland-Pfalz,17may2020,16
Rheinland-Pfalz,18may2020,11
Rheinland-Pfalz,19may2020,14
Rheinland-Pfalz,20may2020,23
Rheinland-Pfalz,21may2020,9
Rheinland-Pfalz,22may2020,13
Rheinland-Pfalz,23may2020,5
Rheinland-Pfalz,24may2020,2
Rheinland-Pfalz,25may2020,14
Rheinland-Pfalz,26may2020,42
Rheinland-Pfalz,27may2020,14
Rheinland-Pfalz,28may2020,6
Rheinland-Pfalz,29may2020,18
Rheinland-Pfalz,30may2020,5
Rheinland-Pfalz,31may2020,6
Rheinland-Pfalz,01jun2020,3
Rheinland-Pfalz,02jun2020,8
Rheinland-Pfalz,03jun2020,16
Rheinland-Pfalz,04jun2020,30
Rheinland-Pfalz,05jun2020,19
Rheinland-Pfalz,06jun2020,9
Rheinland-Pfalz,07jun2020,2
Rheinland-Pfalz,08jun2020,16
Rheinland-Pfalz,09jun2020,14
Rheinland-Pfalz,10jun2020,8
Rheinland-Pfalz,11jun2020,3
Rheinland-Pfalz,12jun2020,10
Rheinland-Pfalz,13jun2020,7
Rheinland-Pfalz,14jun2020,8
Rheinland-Pfalz,15jun2020,11
Rheinland-Pfalz,16jun2020,11
Rheinland-Pfalz,17jun2020,11
Rheinland-Pfalz,18jun2020,13
Rheinland-Pfalz,19jun2020,12
Rheinland-Pfalz,20jun2020,4
Rheinland-Pfalz,21jun2020,4
Rheinland-Pfalz,22jun2020,12
Rheinland-Pfalz,23jun2020,23
Rheinland-Pfalz,24jun2020,5
Rheinland-Pfalz,25jun2020,10
Rheinland-Pfalz,26jun2020,9
Rheinland-Pfalz,27jun2020,7
Rheinland-Pfalz,28jun2020,9
Rheinland-Pfalz,29jun2020,13
Rheinland-Pfalz,30jun2020,21
Rheinland-Pfalz,01jul2020,25
Rheinland-Pfalz,02jul2020,5
Rheinland-Pfalz,03jul2020,16
Rheinland-Pfalz,04jul2020,10
Rheinland-Pfalz,05jul2020,4
Rheinland-Pfalz,06jul2020,16
Rheinland-Pfalz,07jul2020,8
Rheinland-Pfalz,08jul2020,10
Rheinland-Pfalz,09jul2020,15
Rheinland-Pfalz,10jul2020,23
Rheinland-Pfalz,11jul2020,25
Rheinland-Pfalz,12jul2020,14
Rheinland-Pfalz,13jul2020,28
Rheinland-Pfalz,14jul2020,26
Rheinland-Pfalz,15jul2020,24
Rheinland-Pfalz,16jul2020,18
Rheinland-Pfalz,17jul2020,11
Rheinland-Pfalz,18jul2020,11
Rheinland-Pfalz,19jul2020,16
Rheinland-Pfalz,20jul2020,22
Rheinland-Pfalz,21jul2020,9
Rheinland-Pfalz,22jul2020,26
Rheinland-Pfalz,23jul2020,10
Rheinland-Pfalz,24jul2020,20
Rheinland-Pfalz,25jul2020,14
Rheinland-Pfalz,26jul2020,6
Rheinland-Pfalz,27jul2020,18
Rheinland-Pfalz,28jul2020,24
Rheinland-Pfalz,29jul2020,21
Rheinland-Pfalz,30jul2020,38
Rheinland-Pfalz,31jul2020,18
Rheinland-Pfalz,01aug2020,15
Rheinland-Pfalz,02aug2020,18
Rheinland-Pfalz,03aug2020,34
Rheinland-Pfalz,04aug2020,33
Rheinland-Pfalz,05aug2020,46
Rheinland-Pfalz,06aug2020,37
Rheinland-Pfalz,07aug2020,53
Rheinland-Pfalz,08aug2020,51
Rheinland-Pfalz,09aug2020,14
Rheinland-Pfalz,10aug2020,50
Rheinland-Pfalz,11aug2020,45
Rheinland-Pfalz,12aug2020,51
Rheinland-Pfalz,13aug2020,67
Rheinland-Pfalz,14aug2020,40
Rheinland-Pfalz,15aug2020,16
Rheinland-Pfalz,16aug2020,24
Rheinland-Pfalz,17aug2020,45
Saarland,02feb2020,1
Saarland,25feb2020,4
Saarland,26feb2020,2
Saarland,27feb2020,1
Saarland,01mar2020,2
Saarland,02mar2020,1
Saarland,03mar2020,2
Saarland,04mar2020,2
Saarland,05mar2020,8
Saarland,06mar2020,3
Saarland,07mar2020,3
Saarland,08mar2020,18
Saarland,09mar2020,11
Saarland,10mar2020,24
Saarland,11mar2020,26
Saarland,12mar2020,46
Saarland,13mar2020,36
Saarland,14mar2020,43
Saarland,15mar2020,33
Saarland,16mar2020,66
Saarland,17mar2020,59
Saarland,18mar2020,69
Saarland,19mar2020,74
Saarland,20mar2020,68
Saarland,21mar2020,57
Saarland,22mar2020,59
Saarland,23mar2020,71
Saarland,24mar2020,36
Saarland,25mar2020,55
Saarland,26mar2020,64
Saarland,27mar2020,57
Saarland,28mar2020,66
Saarland,29mar2020,37
Saarland,30mar2020,72
Saarland,31mar2020,88
Saarland,01apr2020,103
Saarland,02apr2020,112
Saarland,03apr2020,86
Saarland,04apr2020,104
Saarland,05apr2020,76
Saarland,06apr2020,90
Saarland,07apr2020,76
Saarland,08apr2020,108
Saarland,09apr2020,96
Saarland,10apr2020,78
Saarland,11apr2020,25
Saarland,12apr2020,22
Saarland,13apr2020,30
Saarland,14apr2020,23
Saarland,15apr2020,35
Saarland,16apr2020,30
Saarland,17apr2020,23
Saarland,18apr2020,20
Saarland,19apr2020,7
Saarland,20apr2020,23
Saarland,21apr2020,31
Saarland,22apr2020,27
Saarland,23apr2020,18
Saarland,24apr2020,19
Saarland,25apr2020,9
Saarland,26apr2020,15
Saarland,27apr2020,5
Saarland,28apr2020,20
Saarland,29apr2020,21
Saarland,30apr2020,24
Saarland,01may2020,10
Saarland,02may2020,6
Saarland,03may2020,1
Saarland,04may2020,5
Saarland,05may2020,6
Saarland,06may2020,5
Saarland,07may2020,12
Saarland,08may2020,4
Saarland,09may2020,2
Saarland,11may2020,1
Saarland,12may2020,6
Saarland,13may2020,8
Saarland,14may2020,10
Saarland,15may2020,4
Saarland,16may2020,1
Saarland,18may2020,3
Saarland,19may2020,5
Saarland,20may2020,2
Saarland,21may2020,3
Saarland,22may2020,4
Saarland,23may2020,1
Saarland,24may2020,1
Saarland,25may2020,4
Saarland,26may2020,5
Saarland,27may2020,3
Saarland,28may2020,4
Saarland,29may2020,6
Saarland,30may2020,2
Saarland,31may2020,2
Saarland,01jun2020,5
Saarland,02jun2020,2
Saarland,03jun2020,4
Saarland,04jun2020,1
Saarland,05jun2020,5
Saarland,06jun2020,4
Saarland,07jun2020,2
Saarland,08jun2020,6
Saarland,09jun2020,7
Saarland,10jun2020,5
Saarland,12jun2020,1
Saarland,13jun2020,1
Saarland,16jun2020,2
Saarland,17jun2020,2
Saarland,18jun2020,2
Saarland,20jun2020,1
Saarland,21jun2020,1
Saarland,24jun2020,1
Saarland,25jun2020,1
Saarland,26jun2020,2
Saarland,27jun2020,1
Saarland,28jun2020,1
Saarland,01jul2020,2
Saarland,04jul2020,2
Saarland,07jul2020,2
Saarland,09jul2020,5
Saarland,10jul2020,5
Saarland,11jul2020,1
Saarland,12jul2020,1
Saarland,13jul2020,4
Saarland,14jul2020,2
Saarland,15jul2020,1
Saarland,16jul2020,3
Saarland,17jul2020,4
Saarland,18jul2020,1
Saarland,20jul2020,6
Saarland,21jul2020,3
Saarland,22jul2020,9
Saarland,23jul2020,4
Saarland,24jul2020,3
Saarland,25jul2020,3
Saarland,26jul2020,1
Saarland,27jul2020,2
Saarland,28jul2020,4
Saarland,29jul2020,6
Saarland,30jul2020,8
Saarland,31jul2020,3
Saarland,01aug2020,5
Saarland,02aug2020,3
Saarland,03aug2020,3
Saarland,04aug2020,4
Saarland,05aug2020,15
Saarland,06aug2020,9
Saarland,07aug2020,6
Saarland,08aug2020,3
Saarland,10aug2020,14
Saarland,11aug2020,12
Saarland,12aug2020,9
Saarland,13aug2020,10
Saarland,14aug2020,14
Saarland,15aug2020,7
Saarland,16aug2020,3
Saarland,17aug2020,3
Sachsen,30jan2020,1
Sachsen,13feb2020,1
Sachsen,17feb2020,1
Sachsen,24feb2020,2
Sachsen,25feb2020,1
Sachsen,26feb2020,1
Sachsen,28feb2020,4
Sachsen,29feb2020,1
Sachsen,02mar2020,5
Sachsen,03mar2020,8
Sachsen,04mar2020,6
Sachsen,05mar2020,8
Sachsen,06mar2020,13
Sachsen,07mar2020,11
Sachsen,08mar2020,28
Sachsen,09mar2020,38
Sachsen,10mar2020,40
Sachsen,11mar2020,69
Sachsen,12mar2020,78
Sachsen,13mar2020,96
Sachsen,14mar2020,103
Sachsen,15mar2020,102
Sachsen,16mar2020,137
Sachsen,17mar2020,134
Sachsen,18mar2020,153
Sachsen,19mar2020,135
Sachsen,20mar2020,148
Sachsen,21mar2020,144
Sachsen,22mar2020,118
Sachsen,23mar2020,159
Sachsen,24mar2020,127
Sachsen,25mar2020,148
Sachsen,26mar2020,128
Sachsen,27mar2020,134
Sachsen,28mar2020,135
Sachsen,29mar2020,91
Sachsen,30mar2020,135
Sachsen,31mar2020,125
Sachsen,01apr2020,149
Sachsen,02apr2020,150
Sachsen,03apr2020,154
Sachsen,04apr2020,105
Sachsen,05apr2020,78
Sachsen,06apr2020,104
Sachsen,07apr2020,124
Sachsen,08apr2020,122
Sachsen,09apr2020,87
Sachsen,10apr2020,83
Sachsen,11apr2020,66
Sachsen,12apr2020,81
Sachsen,13apr2020,42
Sachsen,14apr2020,66
Sachsen,15apr2020,48
Sachsen,16apr2020,72
Sachsen,17apr2020,53
Sachsen,18apr2020,34
Sachsen,19apr2020,29
Sachsen,20apr2020,44
Sachsen,21apr2020,23
Sachsen,22apr2020,45
Sachsen,23apr2020,30
Sachsen,24apr2020,36
Sachsen,25apr2020,23
Sachsen,26apr2020,28
Sachsen,27apr2020,23
Sachsen,28apr2020,26
Sachsen,29apr2020,28
Sachsen,30apr2020,36
Sachsen,01may2020,21
Sachsen,02may2020,27
Sachsen,03may2020,21
Sachsen,04may2020,25
Sachsen,05may2020,25
Sachsen,06may2020,36
Sachsen,07may2020,22
Sachsen,08may2020,39
Sachsen,09may2020,21
Sachsen,10may2020,16
Sachsen,11may2020,23
Sachsen,12may2020,21
Sachsen,13may2020,29
Sachsen,14may2020,27
Sachsen,15may2020,19
Sachsen,16may2020,15
Sachsen,17may2020,13
Sachsen,18may2020,17
Sachsen,19may2020,24
Sachsen,20may2020,23
Sachsen,21may2020,8
Sachsen,22may2020,8
Sachsen,23may2020,12
Sachsen,24may2020,3
Sachsen,25may2020,9
Sachsen,26may2020,13
Sachsen,27may2020,9
Sachsen,28may2020,10
Sachsen,29may2020,6
Sachsen,30may2020,3
Sachsen,31may2020,2
Sachsen,01jun2020,2
Sachsen,02jun2020,5
Sachsen,03jun2020,8
Sachsen,04jun2020,6
Sachsen,05jun2020,4
Sachsen,06jun2020,5
Sachsen,07jun2020,1
Sachsen,08jun2020,4
Sachsen,09jun2020,4
Sachsen,10jun2020,5
Sachsen,11jun2020,3
Sachsen,12jun2020,4
Sachsen,13jun2020,5
Sachsen,14jun2020,6
Sachsen,15jun2020,12
Sachsen,16jun2020,6
Sachsen,17jun2020,15
Sachsen,18jun2020,13
Sachsen,19jun2020,8
Sachsen,20jun2020,5
Sachsen,21jun2020,5
Sachsen,22jun2020,1
Sachsen,23jun2020,7
Sachsen,24jun2020,1
Sachsen,25jun2020,2
Sachsen,26jun2020,1
Sachsen,27jun2020,2
Sachsen,28jun2020,3
Sachsen,29jun2020,6
Sachsen,30jun2020,2
Sachsen,01jul2020,1
Sachsen,02jul2020,4
Sachsen,03jul2020,2
Sachsen,05jul2020,1
Sachsen,06jul2020,3
Sachsen,07jul2020,4
Sachsen,08jul2020,2
Sachsen,09jul2020,3
Sachsen,10jul2020,3
Sachsen,11jul2020,3
Sachsen,12jul2020,2
Sachsen,13jul2020,2
Sachsen,14jul2020,7
Sachsen,15jul2020,2
Sachsen,17jul2020,5
Sachsen,19jul2020,1
Sachsen,20jul2020,6
Sachsen,22jul2020,4
Sachsen,23jul2020,5
Sachsen,24jul2020,8
Sachsen,25jul2020,5
Sachsen,26jul2020,2
Sachsen,27jul2020,11
Sachsen,28jul2020,2
Sachsen,29jul2020,9
Sachsen,30jul2020,3
Sachsen,31jul2020,5
Sachsen,01aug2020,10
Sachsen,02aug2020,9
Sachsen,03aug2020,13
Sachsen,04aug2020,12
Sachsen,05aug2020,10
Sachsen,06aug2020,39
Sachsen,07aug2020,4
Sachsen,08aug2020,14
Sachsen,09aug2020,6
Sachsen,10aug2020,9
Sachsen,11aug2020,11
Sachsen,12aug2020,12
Sachsen,13aug2020,16
Sachsen,14aug2020,5
Sachsen,15aug2020,4
Sachsen,17aug2020,1
Sachsen-Anhalt,22feb2020,1
Sachsen-Anhalt,25feb2020,1
Sachsen-Anhalt,28feb2020,2
Sachsen-Anhalt,29feb2020,2
Sachsen-Anhalt,02mar2020,1
Sachsen-Anhalt,03mar2020,1
Sachsen-Anhalt,04mar2020,2
Sachsen-Anhalt,05mar2020,2
Sachsen-Anhalt,06mar2020,4
Sachsen-Anhalt,07mar2020,10
Sachsen-Anhalt,08mar2020,6
Sachsen-Anhalt,09mar2020,17
Sachsen-Anhalt,10mar2020,22
Sachsen-Anhalt,11mar2020,14
Sachsen-Anhalt,12mar2020,17
Sachsen-Anhalt,13mar2020,37
Sachsen-Anhalt,14mar2020,27
Sachsen-Anhalt,15mar2020,32
Sachsen-Anhalt,16mar2020,71
Sachsen-Anhalt,17mar2020,50
Sachsen-Anhalt,18mar2020,46
Sachsen-Anhalt,19mar2020,55
Sachsen-Anhalt,20mar2020,58
Sachsen-Anhalt,21mar2020,39
Sachsen-Anhalt,22mar2020,33
Sachsen-Anhalt,23mar2020,44
Sachsen-Anhalt,24mar2020,56
Sachsen-Anhalt,25mar2020,34
Sachsen-Anhalt,26mar2020,39
Sachsen-Anhalt,27mar2020,46
Sachsen-Anhalt,28mar2020,54
Sachsen-Anhalt,29mar2020,24
Sachsen-Anhalt,30mar2020,46
Sachsen-Anhalt,31mar2020,33
Sachsen-Anhalt,01apr2020,32
Sachsen-Anhalt,02apr2020,34
Sachsen-Anhalt,03apr2020,33
Sachsen-Anhalt,04apr2020,31
Sachsen-Anhalt,05apr2020,28
Sachsen-Anhalt,06apr2020,51
Sachsen-Anhalt,07apr2020,24
Sachsen-Anhalt,08apr2020,25
Sachsen-Anhalt,09apr2020,21
Sachsen-Anhalt,10apr2020,24
Sachsen-Anhalt,11apr2020,18
Sachsen-Anhalt,12apr2020,13
Sachsen-Anhalt,13apr2020,11
Sachsen-Anhalt,14apr2020,30
Sachsen-Anhalt,15apr2020,13
Sachsen-Anhalt,16apr2020,23
Sachsen-Anhalt,17apr2020,55
Sachsen-Anhalt,18apr2020,29
Sachsen-Anhalt,19apr2020,13
Sachsen-Anhalt,20apr2020,22
Sachsen-Anhalt,21apr2020,31
Sachsen-Anhalt,22apr2020,14
Sachsen-Anhalt,23apr2020,16
Sachsen-Anhalt,24apr2020,10
Sachsen-Anhalt,25apr2020,9
Sachsen-Anhalt,26apr2020,4
Sachsen-Anhalt,27apr2020,14
Sachsen-Anhalt,28apr2020,9
Sachsen-Anhalt,29apr2020,16
Sachsen-Anhalt,30apr2020,7
Sachsen-Anhalt,01may2020,4
Sachsen-Anhalt,02may2020,6
Sachsen-Anhalt,03may2020,5
Sachsen-Anhalt,04may2020,13
Sachsen-Anhalt,05may2020,17
Sachsen-Anhalt,06may2020,13
Sachsen-Anhalt,07may2020,4
Sachsen-Anhalt,08may2020,4
Sachsen-Anhalt,09may2020,3
Sachsen-Anhalt,10may2020,2
Sachsen-Anhalt,11may2020,6
Sachsen-Anhalt,12may2020,4
Sachsen-Anhalt,13may2020,4
Sachsen-Anhalt,14may2020,7
Sachsen-Anhalt,15may2020,2
Sachsen-Anhalt,16may2020,4
Sachsen-Anhalt,17may2020,1
Sachsen-Anhalt,18may2020,3
Sachsen-Anhalt,19may2020,3
Sachsen-Anhalt,20may2020,3
Sachsen-Anhalt,21may2020,2
Sachsen-Anhalt,22may2020,2
Sachsen-Anhalt,24may2020,2
Sachsen-Anhalt,25may2020,2
Sachsen-Anhalt,26may2020,1
Sachsen-Anhalt,27may2020,1
Sachsen-Anhalt,28may2020,4
Sachsen-Anhalt,29may2020,2
Sachsen-Anhalt,30may2020,2
Sachsen-Anhalt,31may2020,2
Sachsen-Anhalt,01jun2020,2
Sachsen-Anhalt,02jun2020,4
Sachsen-Anhalt,03jun2020,3
Sachsen-Anhalt,04jun2020,1
Sachsen-Anhalt,05jun2020,3
Sachsen-Anhalt,06jun2020,1
Sachsen-Anhalt,08jun2020,8
Sachsen-Anhalt,09jun2020,6
Sachsen-Anhalt,10jun2020,2
Sachsen-Anhalt,11jun2020,7
Sachsen-Anhalt,12jun2020,11
Sachsen-Anhalt,13jun2020,6
Sachsen-Anhalt,14jun2020,15
Sachsen-Anhalt,15jun2020,6
Sachsen-Anhalt,16jun2020,8
Sachsen-Anhalt,17jun2020,19
Sachsen-Anhalt,18jun2020,10
Sachsen-Anhalt,19jun2020,22
Sachsen-Anhalt,20jun2020,3
Sachsen-Anhalt,21jun2020,9
Sachsen-Anhalt,22jun2020,2
Sachsen-Anhalt,23jun2020,2
Sachsen-Anhalt,24jun2020,4
Sachsen-Anhalt,25jun2020,3
Sachsen-Anhalt,26jun2020,6
Sachsen-Anhalt,27jun2020,2
Sachsen-Anhalt,29jun2020,4
Sachsen-Anhalt,30jun2020,3
Sachsen-Anhalt,01jul2020,1
Sachsen-Anhalt,02jul2020,3
Sachsen-Anhalt,03jul2020,4
Sachsen-Anhalt,04jul2020,1
Sachsen-Anhalt,05jul2020,7
Sachsen-Anhalt,06jul2020,5
Sachsen-Anhalt,07jul2020,2
Sachsen-Anhalt,08jul2020,3
Sachsen-Anhalt,09jul2020,5
Sachsen-Anhalt,10jul2020,7
Sachsen-Anhalt,11jul2020,3
Sachsen-Anhalt,12jul2020,1
Sachsen-Anhalt,13jul2020,1
Sachsen-Anhalt,14jul2020,8
Sachsen-Anhalt,15jul2020,5
Sachsen-Anhalt,16jul2020,3
Sachsen-Anhalt,17jul2020,11
Sachsen-Anhalt,18jul2020,5
Sachsen-Anhalt,19jul2020,3
Sachsen-Anhalt,20jul2020,8
Sachsen-Anhalt,21jul2020,10
Sachsen-Anhalt,22jul2020,1
Sachsen-Anhalt,23jul2020,6
Sachsen-Anhalt,24jul2020,4
Sachsen-Anhalt,25jul2020,4
Sachsen-Anhalt,26jul2020,4
Sachsen-Anhalt,27jul2020,3
Sachsen-Anhalt,28jul2020,7
Sachsen-Anhalt,29jul2020,5
Sachsen-Anhalt,30jul2020,7
Sachsen-Anhalt,31jul2020,12
Sachsen-Anhalt,01aug2020,4
Sachsen-Anhalt,02aug2020,4
Sachsen-Anhalt,03aug2020,4
Sachsen-Anhalt,04aug2020,7
Sachsen-Anhalt,05aug2020,3
Sachsen-Anhalt,06aug2020,6
Sachsen-Anhalt,07aug2020,5
Sachsen-Anhalt,08aug2020,9
Sachsen-Anhalt,09aug2020,4
Sachsen-Anhalt,10aug2020,12
Sachsen-Anhalt,11aug2020,9
Sachsen-Anhalt,12aug2020,7
Sachsen-Anhalt,13aug2020,5
Sachsen-Anhalt,14aug2020,5
Sachsen-Anhalt,15aug2020,5
Sachsen-Anhalt,17aug2020,2
Schleswig-Holstein,17jan2020,1
Schleswig-Holstein,21feb2020,1
Schleswig-Holstein,24feb2020,1
Schleswig-Holstein,25feb2020,1
Schleswig-Holstein,26feb2020,1
Schleswig-Holstein,27feb2020,1
Schleswig-Holstein,28feb2020,1
Schleswig-Holstein,29feb2020,2
Schleswig-Holstein,01mar2020,3
Schleswig-Holstein,02mar2020,6
Schleswig-Holstein,03mar2020,3
Schleswig-Holstein,04mar2020,5
Schleswig-Holstein,05mar2020,6
Schleswig-Holstein,06mar2020,13
Schleswig-Holstein,07mar2020,18
Schleswig-Holstein,08mar2020,19
Schleswig-Holstein,09mar2020,25
Schleswig-Holstein,10mar2020,33
Schleswig-Holstein,11mar2020,44
Schleswig-Holstein,12mar2020,59
Schleswig-Holstein,13mar2020,77
Schleswig-Holstein,14mar2020,73
Schleswig-Holstein,15mar2020,78
Schleswig-Holstein,16mar2020,96
Schleswig-Holstein,17mar2020,90
Schleswig-Holstein,18mar2020,79
Schleswig-Holstein,19mar2020,83
Schleswig-Holstein,20mar2020,107
Schleswig-Holstein,21mar2020,64
Schleswig-Holstein,22mar2020,54
Schleswig-Holstein,23mar2020,110
Schleswig-Holstein,24mar2020,82
Schleswig-Holstein,25mar2020,84
Schleswig-Holstein,26mar2020,82
Schleswig-Holstein,27mar2020,55
Schleswig-Holstein,28mar2020,75
Schleswig-Holstein,29mar2020,50
Schleswig-Holstein,30mar2020,89
Schleswig-Holstein,31mar2020,59
Schleswig-Holstein,01apr2020,73
Schleswig-Holstein,02apr2020,47
Schleswig-Holstein,03apr2020,75
Schleswig-Holstein,04apr2020,53
Schleswig-Holstein,05apr2020,38
Schleswig-Holstein,06apr2020,50
Schleswig-Holstein,07apr2020,63
Schleswig-Holstein,08apr2020,56
Schleswig-Holstein,09apr2020,43
Schleswig-Holstein,10apr2020,29
Schleswig-Holstein,11apr2020,20
Schleswig-Holstein,12apr2020,14
Schleswig-Holstein,13apr2020,75
Schleswig-Holstein,14apr2020,23
Schleswig-Holstein,15apr2020,38
Schleswig-Holstein,16apr2020,39
Schleswig-Holstein,17apr2020,21
Schleswig-Holstein,18apr2020,23
Schleswig-Holstein,19apr2020,21
Schleswig-Holstein,20apr2020,32
Schleswig-Holstein,21apr2020,32
Schleswig-Holstein,22apr2020,24
Schleswig-Holstein,23apr2020,24
Schleswig-Holstein,24apr2020,28
Schleswig-Holstein,25apr2020,11
Schleswig-Holstein,26apr2020,12
Schleswig-Holstein,27apr2020,12
Schleswig-Holstein,28apr2020,14
Schleswig-Holstein,29apr2020,18
Schleswig-Holstein,30apr2020,24
Schleswig-Holstein,01may2020,19
Schleswig-Holstein,02may2020,20
Schleswig-Holstein,03may2020,49
Schleswig-Holstein,04may2020,14
Schleswig-Holstein,05may2020,42
Schleswig-Holstein,06may2020,14
Schleswig-Holstein,07may2020,15
Schleswig-Holstein,08may2020,14
Schleswig-Holstein,09may2020,14
Schleswig-Holstein,10may2020,10
Schleswig-Holstein,11may2020,7
Schleswig-Holstein,12may2020,10
Schleswig-Holstein,13may2020,11
Schleswig-Holstein,14may2020,4
Schleswig-Holstein,15may2020,7
Schleswig-Holstein,16may2020,1
Schleswig-Holstein,17may2020,4
Schleswig-Holstein,18may2020,1
Schleswig-Holstein,19may2020,6
Schleswig-Holstein,20may2020,11
Schleswig-Holstein,21may2020,21
Schleswig-Holstein,22may2020,14
Schleswig-Holstein,24may2020,1
Schleswig-Holstein,25may2020,2
Schleswig-Holstein,26may2020,4
Schleswig-Holstein,27may2020,1
Schleswig-Holstein,28may2020,8
Schleswig-Holstein,29may2020,13
Schleswig-Holstein,30may2020,1
Schleswig-Holstein,31may2020,1
Schleswig-Holstein,01jun2020,5
Schleswig-Holstein,02jun2020,1
Schleswig-Holstein,04jun2020,1
Schleswig-Holstein,05jun2020,3
Schleswig-Holstein,06jun2020,2
Schleswig-Holstein,07jun2020,1
Schleswig-Holstein,08jun2020,1
Schleswig-Holstein,09jun2020,2
Schleswig-Holstein,10jun2020,3
Schleswig-Holstein,11jun2020,4
Schleswig-Holstein,13jun2020,1
Schleswig-Holstein,14jun2020,1
Schleswig-Holstein,15jun2020,1
Schleswig-Holstein,18jun2020,9
Schleswig-Holstein,19jun2020,4
Schleswig-Holstein,20jun2020,1
Schleswig-Holstein,21jun2020,2
Schleswig-Holstein,22jun2020,4
Schleswig-Holstein,23jun2020,1
Schleswig-Holstein,24jun2020,7
Schleswig-Holstein,25jun2020,4
Schleswig-Holstein,26jun2020,7
Schleswig-Holstein,27jun2020,5
Schleswig-Holstein,28jun2020,3
Schleswig-Holstein,29jun2020,3
Schleswig-Holstein,30jun2020,6
Schleswig-Holstein,01jul2020,4
Schleswig-Holstein,02jul2020,6
Schleswig-Holstein,03jul2020,4
Schleswig-Holstein,04jul2020,4
Schleswig-Holstein,05jul2020,5
Schleswig-Holstein,06jul2020,2
Schleswig-Holstein,08jul2020,5
Schleswig-Holstein,09jul2020,4
Schleswig-Holstein,10jul2020,7
Schleswig-Holstein,11jul2020,4
Schleswig-Holstein,12jul2020,6
Schleswig-Holstein,13jul2020,11
Schleswig-Holstein,14jul2020,6
Schleswig-Holstein,15jul2020,7
Schleswig-Holstein,16jul2020,7
Schleswig-Holstein,17jul2020,11
Schleswig-Holstein,18jul2020,5
Schleswig-Holstein,19jul2020,10
Schleswig-Holstein,20jul2020,9
Schleswig-Holstein,21jul2020,8
Schleswig-Holstein,22jul2020,12
Schleswig-Holstein,23jul2020,11
Schleswig-Holstein,24jul2020,23
Schleswig-Holstein,25jul2020,7
Schleswig-Holstein,26jul2020,17
Schleswig-Holstein,27jul2020,24
Schleswig-Holstein,28jul2020,16
Schleswig-Holstein,29jul2020,25
Schleswig-Holstein,30jul2020,23
Schleswig-Holstein,31jul2020,24
Schleswig-Holstein,01aug2020,20
Schleswig-Holstein,02aug2020,9
Schleswig-Holstein,03aug2020,25
Schleswig-Holstein,04aug2020,18
Schleswig-Holstein,05aug2020,16
Schleswig-Holstein,06aug2020,32
Schleswig-Holstein,07aug2020,19
Schleswig-Holstein,08aug2020,10
Schleswig-Holstein,09aug2020,11
Schleswig-Holstein,10aug2020,24
Schleswig-Holstein,11aug2020,35
Schleswig-Holstein,12aug2020,28
Schleswig-Holstein,13aug2020,21
Schleswig-Holstein,14aug2020,23
Schleswig-Holstein,15aug2020,15
Schleswig-Holstein,16aug2020,3
Schleswig-Holstein,17aug2020,7
Thüringen,14feb2020,2
Thüringen,20feb2020,1
Thüringen,22feb2020,1
Thüringen,26feb2020,1
Thüringen,27feb2020,3
Thüringen,01mar2020,3
Thüringen,02mar2020,3
Thüringen,03mar2020,4
Thüringen,04mar2020,8
Thüringen,05mar2020,2
Thüringen,06mar2020,7
Thüringen,07mar2020,9
Thüringen,08mar2020,8
Thüringen,09mar2020,10
Thüringen,10mar2020,24
Thüringen,11mar2020,26
Thüringen,12mar2020,30
Thüringen,13mar2020,46
Thüringen,14mar2020,38
Thüringen,15mar2020,41
Thüringen,16mar2020,91
Thüringen,17mar2020,62
Thüringen,18mar2020,69
Thüringen,19mar2020,51
Thüringen,20mar2020,74
Thüringen,21mar2020,54
Thüringen,22mar2020,32
Thüringen,23mar2020,78
Thüringen,24mar2020,54
Thüringen,25mar2020,48
Thüringen,26mar2020,57
Thüringen,27mar2020,61
Thüringen,28mar2020,42
Thüringen,29mar2020,26
Thüringen,30mar2020,48
Thüringen,31mar2020,31
Thüringen,01apr2020,56
Thüringen,02apr2020,45
Thüringen,03apr2020,53
Thüringen,04apr2020,50
Thüringen,05apr2020,51
Thüringen,06apr2020,39
Thüringen,07apr2020,42
Thüringen,08apr2020,45
Thüringen,09apr2020,43
Thüringen,10apr2020,41
Thüringen,11apr2020,29
Thüringen,12apr2020,38
Thüringen,13apr2020,37
Thüringen,14apr2020,44
Thüringen,15apr2020,36
Thüringen,16apr2020,50
Thüringen,17apr2020,38
Thüringen,18apr2020,34
Thüringen,19apr2020,29
Thüringen,20apr2020,57
Thüringen,21apr2020,58
Thüringen,22apr2020,42
Thüringen,23apr2020,46
Thüringen,24apr2020,43
Thüringen,25apr2020,27
Thüringen,26apr2020,27
Thüringen,27apr2020,38
Thüringen,28apr2020,50
Thüringen,29apr2020,31
Thüringen,30apr2020,43
Thüringen,01may2020,24
Thüringen,02may2020,16
Thüringen,03may2020,25
Thüringen,04may2020,39
Thüringen,05may2020,31
Thüringen,06may2020,33
Thüringen,07may2020,36
Thüringen,08may2020,24
Thüringen,09may2020,18
Thüringen,10may2020,16
Thüringen,11may2020,27
Thüringen,12may2020,15
Thüringen,13may2020,18
Thüringen,14may2020,26
Thüringen,15may2020,15
Thüringen,16may2020,22
Thüringen,17may2020,14
Thüringen,18may2020,22
Thüringen,19may2020,20
Thüringen,20may2020,17
Thüringen,21may2020,17
Thüringen,22may2020,22
Thüringen,23may2020,15
Thüringen,24may2020,12
Thüringen,25may2020,20
Thüringen,26may2020,22
Thüringen,27may2020,24
Thüringen,28may2020,25
Thüringen,29may2020,12
Thüringen,30may2020,12
Thüringen,31may2020,9
Thüringen,01jun2020,3
Thüringen,02jun2020,10
Thüringen,03jun2020,18
Thüringen,04jun2020,9
Thüringen,05jun2020,26
Thüringen,06jun2020,7
Thüringen,07jun2020,6
Thüringen,08jun2020,7
Thüringen,09jun2020,7
Thüringen,10jun2020,15
Thüringen,11jun2020,16
Thüringen,12jun2020,4
Thüringen,13jun2020,15
Thüringen,14jun2020,5
Thüringen,15jun2020,6
Thüringen,16jun2020,11
Thüringen,17jun2020,4
Thüringen,18jun2020,6
Thüringen,19jun2020,4
Thüringen,20jun2020,4
Thüringen,21jun2020,4
Thüringen,22jun2020,6
Thüringen,23jun2020,2
Thüringen,24jun2020,2
Thüringen,25jun2020,3
Thüringen,26jun2020,2
Thüringen,27jun2020,3
Thüringen,28jun2020,1
Thüringen,29jun2020,1
Thüringen,30jun2020,5
Thüringen,01jul2020,4
Thüringen,02jul2020,3
Thüringen,04jul2020,7
Thüringen,05jul2020,3
Thüringen,06jul2020,4
Thüringen,07jul2020,5
Thüringen,08jul2020,3
Thüringen,09jul2020,4
Thüringen,10jul2020,5
Thüringen,11jul2020,5
Thüringen,12jul2020,3
Thüringen,13jul2020,1
Thüringen,14jul2020,5
Thüringen,15jul2020,6
Thüringen,16jul2020,1
Thüringen,17jul2020,5
Thüringen,18jul2020,1
Thüringen,19jul2020,3
Thüringen,20jul2020,4
Thüringen,21jul2020,4
Thüringen,22jul2020,2
Thüringen,23jul2020,11
Thüringen,24jul2020,3
Thüringen,25jul2020,4
Thüringen,27jul2020,2
Thüringen,28jul2020,4
Thüringen,29jul2020,4
Thüringen,30jul2020,9
Thüringen,31jul2020,6
Thüringen,01aug2020,7
Thüringen,02aug2020,4
Thüringen,03aug2020,10
Thüringen,04aug2020,1
Thüringen,05aug2020,13
Thüringen,06aug2020,10
Thüringen,07aug2020,7
Thüringen,08aug2020,5
Thüringen,09aug2020,7
Thüringen,10aug2020,14
Thüringen,11aug2020,8
Thüringen,12aug2020,14
Thüringen,13aug2020,6
Thüringen,14aug2020,9
Thüringen,17aug2020,2
